"collected_at","product_key","segment","offer_key","store","brand","product","color_raw","color_normalized","package_kg","package_group","regular_price","promo_price","analysis_price","unit_price_per_kg","currency","in_stock","sku","article","variant_id","url"
"2026-07-26T14:31:25.7500876+00:00","pf115_economy","economy","farba_dekart","farba.md","DekArt","Эмаль ПФ-115","Бежевая","Бежевый","2.8","large","102.90","98.80","102.90","36.75","PRB","True","ЦБ000506444","","121465","https://farba.md/dekart--jemal-pph-115-bezhevaja28-up6sht.html"
"2026-07-26T14:31:25.7500876+00:00","pf115_economy","economy","farba_dekart","farba.md","DekArt","Эмаль ПФ-115","Белая","Белый","2.8","large","124.95","120.00","124.95","44.625","PRB","True","ЦБ000496256","","121467","https://farba.md/dekart--jemal-pph-115-belaja-gljancevaja-28-up6sht.html"
"2026-07-26T14:31:25.7500876+00:00","pf115_economy","economy","farba_dekart","farba.md","DekArt","Эмаль ПФ-115","вишневая","Вишневый","2.8","large","102.90","98.80","102.90","36.75","PRB","True","ЦБ000496261","","121470","https://farba.md/dekart--jemal-pph-115-vishnevaja-28-up6sht.html"
"2026-07-26T14:31:25.7500876+00:00","pf115_economy","economy","farba_dekart","farba.md","DekArt","Эмаль ПФ-115","голубая","Голубой","2.8","large","102.90","98.80","102.90","36.75","PRB","True","ЦБ000496266","","121472","https://farba.md/dekart--jemal-pph-115-golubaja-28-up6sht.html"
"2026-07-26T14:31:25.7500876+00:00","pf115_economy","economy","farba_dekart","farba.md","DekArt","Эмаль ПФ-115","желто-коричневая","Желто-коричневый","2.8","large","102.90","98.80","102.90","36.75","PRB","True","ЦБ000496275","","121477","https://farba.md/dekart--jemal-pph-115-zhelto-korichnevaja-28-up6sht.html"
"2026-07-26T14:31:25.7500876+00:00","pf115_economy","economy","farba_dekart","farba.md","DekArt","Эмаль ПФ-115","желтая","Желтый","2.8","large","113.40","108.90","113.40","40.5","PRB","True","ЦБ000496269","","121474","https://farba.md/dekart--jemal-pph-115-zheltaja-28-up6sht.html"
"2026-07-26T14:31:25.7500876+00:00","pf115_economy","economy","farba_dekart","farba.md","DekArt","Эмаль ПФ-115","зеленая","Зелёный","2.8","large","102.90","98.80","102.90","36.75","PRB","True","ЦБ000496280","","121490","https://farba.md/dekart--jemal-pph-115-zelenaja-28-up6sht.html"
"2026-07-26T14:31:25.7500876+00:00","pf115_economy","economy","farba_dekart","farba.md","DekArt","Эмаль ПФ-115","коричневая","Коричневый","2.8","large","102.90","98.80","102.90","36.75","PRB","True","ЦБ000496284","","121483","https://farba.md/dekart--jemal-pph-115-korichnevaja-28-up6sht.html"
"2026-07-26T14:31:25.7500876+00:00","pf115_economy","economy","farba_dekart","farba.md","DekArt","Эмаль ПФ-115","красно-коричневая","Красно-коричневый","2.8","large","102.90","98.80","102.90","36.75","PRB","True","ЦБ000496288","","121488","https://farba.md/dekart--jemal-pph-115-krasno-korichnevaja-28-up6sht.html"
"2026-07-26T14:31:25.7500876+00:00","pf115_economy","economy","farba_dekart","farba.md","DekArt","Эмаль ПФ-115","красная","Красный","2.8","large","102.90","98.80","102.90","36.75","PRB","True","ЦБ000496286","","121485","https://farba.md/dekart--jemal-pph-115-krasnaja-28-up6sht.html"
"2026-07-26T14:31:25.7500876+00:00","pf115_economy","economy","farba_dekart","farba.md","DekArt","Эмаль ПФ-115","светло-зеленая","Светло-зелёный","2.8","large","102.90","98.80","102.90","36.75","PRB","True","ЦБ000496292","","121490","https://farba.md/dekart--jemal-pph-115-svetlo-zelenaja-28-up6sht.html"
"2026-07-26T14:31:25.7500876+00:00","pf115_economy","economy","farba_dekart","farba.md","DekArt","Эмаль ПФ-115","светло-серая","Светло-серый","2.8","large","102.90","98.80","102.90","36.75","PRB","True","ЦБ000496790","","121492","https://farba.md/dekart--jemal-pph-115-svetlo-seraja28-up6sht.html"
"2026-07-26T14:31:25.7500876+00:00","pf115_economy","economy","farba_dekart","farba.md","DekArt","Эмаль ПФ-115","серая","Серый","2.8","large","102.90","98.80","102.90","36.75","PRB","True","ЦБ000496294","","121501","https://farba.md/dekart--jemal-pph-115-seraja-28-up6sht.html"
"2026-07-26T14:31:25.7500876+00:00","pf115_economy","economy","farba_dekart","farba.md","DekArt","Эмаль ПФ-115","синяя","Синий","2.8","large","102.90","98.80","102.90","36.75","PRB","True","ЦБ000496296","","121496","https://farba.md/dekart--jemal-pph-115-sinjaja-28-up6sht.html"
"2026-07-26T14:31:25.7500876+00:00","pf115_economy","economy","farba_dekart","farba.md","DekArt","Эмаль ПФ-115","темно-зеленая","Темно-зелёный","2.8","large","102.90","98.80","102.90","36.75","PRB","True","ЦБ000496298","","121498","https://farba.md/dekart--jemal-pph-115-temno-zelenaja-28-up6sht.html"
"2026-07-26T14:31:25.7500876+00:00","pf115_economy","economy","farba_dekart","farba.md","DekArt","Эмаль ПФ-115","темно-серая","Темно-серый","2.8","large","102.90","98.80","102.90","36.75","PRB","True","ЦБ000496300","","121500","https://farba.md/dekart--jemal-pph-115-temno-seraja-28-up6sht.html"
"2026-07-26T14:31:25.7500876+00:00","pf115_economy","economy","farba_dekart","farba.md","DekArt","Эмаль ПФ-115","черная","Черный","2.8","large","102.90","98.80","102.90","36.75","PRB","True","ЦБ000496302","","121502","https://farba.md/dekart--jemal-pph-115-chernaja28-up6sht.html"
"2026-07-26T14:31:25.7500876+00:00","pf115_economy","economy","farba_dekart","farba.md","DekArt","Эмаль ПФ-115","шоколадная","Шоколадный","2.8","large","102.90","98.80","102.90","36.75","PRB","True","ЦБ000496304","","121505","https://farba.md/dekart--jemal-pph-115-shokoladnaja28-up6sht.html"
"2026-07-26T14:31:25.7500876+00:00","pf115_economy","economy","farba_dekart","farba.md","DekArt","Эмаль ПФ-115","ярко-голубая","Ярко-голубой","2.8","large","102.90","98.80","102.90","36.75","PRB","True","ЦБ000496306","","121507","https://farba.md/dekart--jemal-pph-115-jarko-golubaja-28-up6sht.html"
"2026-07-26T14:31:25.7500876+00:00","pf115_economy","economy","farba_dekart","farba.md","DekArt","Эмаль ПФ-115","ярко-зеленая","Ярко-зелёный","2.8","large","102.90","98.80","102.90","36.75","PRB","True","ЦБ000496308","","121509","https://farba.md/dekart--jemal-pph-115-jarko-zelenaja-28-up6sht.html"
"2026-07-26T14:31:25.7500876+00:00","pf115_economy","economy","farba_dekart","farba.md","DekArt","Эмаль ПФ-115","Бежевая","Бежевый","0.9","small","39.90","38.30","39.90","44.3333","PRB","True","ЦБ000506443","","121466","https://farba.md/dekart--jemal-pph-115-bezhevaja-09-up6sht.html"
"2026-07-26T14:31:25.7500876+00:00","pf115_economy","economy","farba_dekart","farba.md","DekArt","Эмаль ПФ-115","Белая","Белый","0.9","small","40.90","39.30","40.90","45.4444","PRB","True","ЦБ000496255","","121468","https://farba.md/dekart--jemal-pph-115-belaja-gljancevaja-09-up6sht.html"
"2026-07-26T14:31:25.7500876+00:00","pf115_economy","economy","farba_dekart","farba.md","DekArt","Эмаль ПФ-115","вишневая","Вишневый","0.9","small","39.90","38.30","39.90","44.3333","PRB","True","ЦБ000496257","","121471","https://farba.md/dekart--jemal-pph-115-vishnevaja-09-up6sht.html"
"2026-07-26T14:31:25.7500876+00:00","pf115_economy","economy","farba_dekart","farba.md","DekArt","Эмаль ПФ-115","голубая","Голубой","0.9","small","39.90","38.30","39.90","44.3333","PRB","True","ЦБ000496262","","121473","https://farba.md/dekart--jemal-pph-115-golubaja-09-up6sht.html"
"2026-07-26T14:31:25.7500876+00:00","pf115_economy","economy","farba_dekart","farba.md","DekArt","Эмаль ПФ-115","желто-коричневая","Желто-коричневый","0.9","small","39.90","38.30","39.90","44.3333","PRB","True","ЦБ000496271","","121511","https://farba.md/dekart--jemal-pph-115-zhelto-korichnevaja-09-up6sht.html"
"2026-07-26T14:31:25.7500876+00:00","pf115_economy","economy","farba_dekart","farba.md","DekArt","Эмаль ПФ-115","желтая","Желтый","0.9","small","39.90","38.30","39.90","44.3333","PRB","True","ЦБ000496268","","121475","https://farba.md/dekart--jemal-pph-115-zheltaja-09-up6sht.html"
"2026-07-26T14:31:25.7500876+00:00","pf115_economy","economy","farba_dekart","farba.md","DekArt","Эмаль ПФ-115","зеленая","Зелёный","0.9","small","39.90","38.30","39.90","44.3333","PRB","True","ЦБ000496277","","121490","https://farba.md/dekart--jemal-pph-115-zelenaja-09-up6sht.html"
"2026-07-26T14:31:25.7500876+00:00","pf115_economy","economy","farba_dekart","farba.md","DekArt","Эмаль ПФ-115","коричневая","Коричневый","0.9","small","39.90","38.30","39.90","44.3333","PRB","True","ЦБ000496281","","121484","https://farba.md/dekart--jemal-pph-115-korichnevaja-09-up6sht.html"
"2026-07-26T14:31:25.7500876+00:00","pf115_economy","economy","farba_dekart","farba.md","DekArt","Эмаль ПФ-115","красно-коричневая","Красно-коричневый","0.9","small","39.90","38.30","39.90","44.3333","PRB","True","ЦБ000496287","","121489","https://farba.md/dekart--jemal-pph-115-krasno-korichnevaja-09-up6sht.html"
"2026-07-26T14:31:25.7500876+00:00","pf115_economy","economy","farba_dekart","farba.md","DekArt","Эмаль ПФ-115","красная","Красный","0.9","small","39.90","38.30","39.90","44.3333","PRB","True","ЦБ000496285","","121486","https://farba.md/dekart--jemal-pph-115-krasnaja-09-up6sht.html"
"2026-07-26T14:31:25.7500876+00:00","pf115_economy","economy","farba_dekart","farba.md","DekArt","Эмаль ПФ-115","светло-зеленая","Светло-зелёный","0.9","small","39.90","38.30","39.90","44.3333","PRB","True","ЦБ000496291","","121491","https://farba.md/dekart--jemal-pph-115-svetlo-zelenaja-09-up6sht.html"
"2026-07-26T14:31:25.7500876+00:00","pf115_economy","economy","farba_dekart","farba.md","DekArt","Эмаль ПФ-115","светло-серая","Светло-серый","0.9","small","39.90","38.30","39.90","44.3333","PRB","True","ЦБ000496789","","121493","https://farba.md/dekart--jemal-pph-115-svetlo-seraja-09-up6sht.html"
"2026-07-26T14:31:25.7500876+00:00","pf115_economy","economy","farba_dekart","farba.md","DekArt","Эмаль ПФ-115","серая","Серый","0.9","small","39.90","38.30","39.90","44.3333","PRB","True","ЦБ000496293","","121501","https://farba.md/dekart--jemal-pph-115-seraja-09-up6sht.html"
"2026-07-26T14:31:25.7500876+00:00","pf115_economy","economy","farba_dekart","farba.md","DekArt","Эмаль ПФ-115","синяя","Синий","0.9","small","39.90","38.30","39.90","44.3333","PRB","True","ЦБ000496295","","121497","https://farba.md/dekart--jemal-pph-115-sinjaja-09-up6sht.html"
"2026-07-26T14:31:25.7500876+00:00","pf115_economy","economy","farba_dekart","farba.md","DekArt","Эмаль ПФ-115","темно-зеленая","Темно-зелёный","0.9","small","39.90","38.30","39.90","44.3333","PRB","True","ЦБ000496297","","121499","https://farba.md/dekart--jemal-pph-115-temno-zelenaja-09-up6sht.html"
"2026-07-26T14:31:25.7500876+00:00","pf115_economy","economy","farba_dekart","farba.md","DekArt","Эмаль ПФ-115","темно-серая","Темно-серый","0.9","small","39.90","38.30","39.90","44.3333","PRB","True","ЦБ000496299","","121501","https://farba.md/dekart--jemal-pph-115-temno-seraja-09-up6sht.html"
"2026-07-26T14:31:25.7500876+00:00","pf115_economy","economy","farba_dekart","farba.md","DekArt","Эмаль ПФ-115","черная","Черный","0.9","small","39.90","38.30","39.90","44.3333","PRB","True","ЦБ000496301","","121503","https://farba.md/dekart--jemal-pph-115-chernaja-09-up6sht.html"
"2026-07-26T14:31:25.7500876+00:00","pf115_economy","economy","farba_dekart","farba.md","DekArt","Эмаль ПФ-115","шоколадная","Шоколадный","0.9","small","39.90","38.30","39.90","44.3333","PRB","True","ЦБ000496303","","121506","https://farba.md/dekart--jemal-pph-115-shokoladnaja09-up6sht.html"
"2026-07-26T14:31:25.7500876+00:00","pf115_economy","economy","farba_dekart","farba.md","DekArt","Эмаль ПФ-115","ярко-голубая","Ярко-голубой","0.9","small","39.90","38.30","39.90","44.3333","PRB","True","ЦБ000496305","","121508","https://farba.md/dekart--jemal-pph-115-jarko-golubaja-09-up6sht.html"
"2026-07-26T14:31:25.7500876+00:00","pf115_economy","economy","farba_dekart","farba.md","DekArt","Эмаль ПФ-115","ярко-зеленая","Ярко-зелёный","0.9","small","39.90","38.30","39.90","44.3333","PRB","True","ЦБ000496307","","121510","https://farba.md/dekart--jemal-pph-115-jarko-zelenaja-09-up6sht.html"
"2026-07-26T14:31:25.7500876+00:00","pf115_economy","economy","lursan_fazenda","lursan.com","Fazenda","Эмаль ПФ-115","Белая","Белый","2.8","large","120.05",,"120.05","42.875","PRB","True","","","10873","https://lursan.com/index.php?route=product/product&path=1107_1124_1125&product_id=10873"
"2026-07-26T14:31:25.7500876+00:00","pf115_economy","economy","lursan_fazenda","lursan.com","Fazenda","Эмаль ПФ-115","Бирюзовая","Бирюзовый","2.8","large","99.5",,"99.5","35.5357","PRB","True","","","10880","https://lursan.com/index.php?route=product/product&path=1107_1124_1125&product_id=10880"
"2026-07-26T14:31:25.7500876+00:00","pf115_economy","economy","lursan_fazenda","lursan.com","Fazenda","Эмаль ПФ-115","Вишневая","Вишневый","2.8","large","99.5",,"99.5","35.5357","PRB","True","","","10885","https://lursan.com/index.php?route=product/product&path=1107_1124_1125&product_id=10885"
"2026-07-26T14:31:25.7500876+00:00","pf115_economy","economy","lursan_fazenda","lursan.com","Fazenda","Эмаль ПФ-115","Голубая","Голубой","2.8","large","99.5",,"99.5","35.5357","PRB","True","","","10890","https://lursan.com/index.php?route=product/product&path=1107_1124_1125&product_id=10890"
"2026-07-26T14:31:25.7500876+00:00","pf115_economy","economy","lursan_fazenda","lursan.com","Fazenda","Эмаль ПФ-115","Желто-коричневая","Желто-коричневый","2.8","large","99.5",,"99.5","35.5357","PRB","True","","","10961","https://lursan.com/index.php?route=product/product&path=1107_1124_1125&product_id=10961"
"2026-07-26T14:31:25.7500876+00:00","pf115_economy","economy","lursan_fazenda","lursan.com","Fazenda","Эмаль ПФ-115","Желтая","Желтый","2.8","large","109.5",,"109.5","39.1071","PRB","True","","","10959","https://lursan.com/index.php?route=product/product&path=1107_1124_1125&product_id=10959"
"2026-07-26T14:31:25.7500876+00:00","pf115_economy","economy","lursan_fazenda","lursan.com","Fazenda","Эмаль ПФ-115","Зеленая","Зелёный","2.8","large","99.5",,"99.5","35.5357","PRB","True","","","10973","https://lursan.com/index.php?route=product/product&path=1107_1124_1125&product_id=10973"
"2026-07-26T14:31:25.7500876+00:00","pf115_economy","economy","lursan_fazenda","lursan.com","Fazenda","Эмаль ПФ-115","Изумрудная","Изумрудный","2.8","large","99.5",,"99.5","35.5357","PRB","True","","","10975","https://lursan.com/index.php?route=product/product&path=1107_1124_1125&product_id=10975"
"2026-07-26T14:31:25.7500876+00:00","pf115_economy","economy","lursan_fazenda","lursan.com","Fazenda","Эмаль ПФ-115","Коричневая","Коричневый","2.8","large","99.5",,"99.5","35.5357","PRB","True","","","11027","https://lursan.com/index.php?route=product/product&path=1107_1124_1125&product_id=11027"
"2026-07-26T14:31:25.7500876+00:00","pf115_economy","economy","lursan_fazenda","lursan.com","Fazenda","Эмаль ПФ-115","Красно-коричневая","Красно-коричневый","2.8","large","99.5",,"99.5","35.5357","PRB","True","","","11131","https://lursan.com/index.php?route=product/product&path=1107_1124_1125&product_id=11131"
"2026-07-26T14:31:25.7500876+00:00","pf115_economy","economy","lursan_fazenda","lursan.com","Fazenda","Эмаль ПФ-115","Красная","Красный","2.8","large","99.5",,"99.5","35.5357","PRB","True","","","11129","https://lursan.com/index.php?route=product/product&path=1107_1124_1125&product_id=11129"
"2026-07-26T14:31:25.7500876+00:00","pf115_economy","economy","lursan_fazenda","lursan.com","Fazenda","Эмаль ПФ-115","Светло-голубая","Светло-голубой","2.8","large","99.5",,"99.5","35.5357","PRB","True","","","11208","https://lursan.com/index.php?route=product/product&path=1107_1124_1125&product_id=11208"
"2026-07-26T14:31:25.7500876+00:00","pf115_economy","economy","lursan_fazenda","lursan.com","Fazenda","Эмаль ПФ-115","Светло-зеленая","Светло-зелёный","2.8","large","99.5",,"99.5","35.5357","PRB","True","","","11213","https://lursan.com/index.php?route=product/product&path=1107_1124_1125&product_id=11213"
"2026-07-26T14:31:25.7500876+00:00","pf115_economy","economy","lursan_fazenda","lursan.com","Fazenda","Эмаль ПФ-115","Светло-серая","Светло-серый","2.8","large","99.5",,"99.5","35.5357","PRB","True","","","11218","https://lursan.com/index.php?route=product/product&path=1107_1124_1125&product_id=11218"
"2026-07-26T14:31:25.7500876+00:00","pf115_economy","economy","lursan_fazenda","lursan.com","Fazenda","Эмаль ПФ-115","Серая","Серый","2.8","large","99.5",,"99.5","35.5357","PRB","True","","","11222","https://lursan.com/index.php?route=product/product&path=1107_1124_1125&product_id=11222"
"2026-07-26T14:31:25.7500876+00:00","pf115_economy","economy","lursan_fazenda","lursan.com","Fazenda","Эмаль ПФ-115","Синяя","Синий","2.8","large","99.5",,"99.5","35.5357","PRB","True","","","11232","https://lursan.com/index.php?route=product/product&path=1107_1124_1125&product_id=11232"
"2026-07-26T14:31:25.7500876+00:00","pf115_economy","economy","lursan_fazenda","lursan.com","Fazenda","Эмаль ПФ-115","Темная-серая","Темно-серый","2.8","large","99.5",,"99.5","35.5357","PRB","True","","","11300","https://lursan.com/index.php?route=product/product&path=1107_1124_1125&product_id=11300"
"2026-07-26T14:31:25.7500876+00:00","pf115_economy","economy","lursan_fazenda","lursan.com","Fazenda","Эмаль ПФ-115","Черная","Черный","2.8","large","99.5",,"99.5","35.5357","PRB","True","","","11321","https://lursan.com/index.php?route=product/product&path=1107_1124_1125&product_id=11321"
"2026-07-26T14:31:25.7500876+00:00","pf115_economy","economy","lursan_fazenda","lursan.com","Fazenda","Эмаль ПФ-115","Ярко-голубая","Ярко-голубой","2.8","large","99.5",,"99.5","35.5357","PRB","True","","","11360","https://lursan.com/index.php?route=product/product&path=1107_1124_1125&product_id=11360"
"2026-07-26T14:31:25.7500876+00:00","pf115_economy","economy","lursan_fazenda","lursan.com","Fazenda","Эмаль ПФ-115","Белая","Белый","0.9","small","41",,"41","45.5556","PRB","True","","","10872","https://lursan.com/index.php?route=product/product&path=1107_1124_1125&product_id=10872"
"2026-07-26T14:31:25.7500876+00:00","pf115_economy","economy","lursan_fazenda","lursan.com","Fazenda","Эмаль ПФ-115","Бирюзовая","Бирюзовый","0.9","small","39",,"39","43.3333","PRB","True","","","10879","https://lursan.com/index.php?route=product/product&path=1107_1124_1125&product_id=10879"
"2026-07-26T14:31:25.7500876+00:00","pf115_economy","economy","lursan_fazenda","lursan.com","Fazenda","Эмаль ПФ-115","Вишневая","Вишневый","0.9","small","39",,"39","43.3333","PRB","True","","","10884","https://lursan.com/index.php?route=product/product&path=1107_1124_1125&product_id=10884"
"2026-07-26T14:31:25.7500876+00:00","pf115_economy","economy","lursan_fazenda","lursan.com","Fazenda","Эмаль ПФ-115","Голубая","Голубой","0.9","small","39",,"39","43.3333","PRB","True","","","10889","https://lursan.com/index.php?route=product/product&path=1107_1124_1125&product_id=10889"
"2026-07-26T14:31:25.7500876+00:00","pf115_economy","economy","lursan_fazenda","lursan.com","Fazenda","Эмаль ПФ-115","Желто-коричневая","Желто-коричневый","0.9","small","39",,"39","43.3333","PRB","True","","","10960","https://lursan.com/index.php?route=product/product&path=1107_1124_1125&product_id=10960"
"2026-07-26T14:31:25.7500876+00:00","pf115_economy","economy","lursan_fazenda","lursan.com","Fazenda","Эмаль ПФ-115","Желтая","Желтый","0.9","small","39",,"39","43.3333","PRB","True","","","10958","https://lursan.com/index.php?route=product/product&path=1107_1124_1125&product_id=10958"
"2026-07-26T14:31:25.7500876+00:00","pf115_economy","economy","lursan_fazenda","lursan.com","Fazenda","Эмаль ПФ-115","Зеленая","Зелёный","0.9","small","39",,"39","43.3333","PRB","True","","","10972","https://lursan.com/index.php?route=product/product&path=1107_1124_1125&product_id=10972"
"2026-07-26T14:31:25.7500876+00:00","pf115_economy","economy","lursan_fazenda","lursan.com","Fazenda","Эмаль ПФ-115","Изумрудная","Изумрудный","0.9","small","39",,"39","43.3333","PRB","True","","","10974","https://lursan.com/index.php?route=product/product&path=1107_1124_1125&product_id=10974"
"2026-07-26T14:31:25.7500876+00:00","pf115_economy","economy","lursan_fazenda","lursan.com","Fazenda","Эмаль ПФ-115","Коричневая","Коричневый","0.9","small","39",,"39","43.3333","PRB","True","","","11026","https://lursan.com/index.php?route=product/product&path=1107_1124_1125&product_id=11026"
"2026-07-26T14:31:25.7500876+00:00","pf115_economy","economy","lursan_fazenda","lursan.com","Fazenda","Эмаль ПФ-115","Красно-коричневая","Красно-коричневый","0.9","small","39",,"39","43.3333","PRB","True","","","11130","https://lursan.com/index.php?route=product/product&path=1107_1124_1125&product_id=11130"
"2026-07-26T14:31:25.7500876+00:00","pf115_economy","economy","lursan_fazenda","lursan.com","Fazenda","Эмаль ПФ-115","Красная","Красный","0.9","small","39",,"39","43.3333","PRB","True","","","11128","https://lursan.com/index.php?route=product/product&path=1107_1124_1125&product_id=11128"
"2026-07-26T14:31:25.7500876+00:00","pf115_economy","economy","lursan_fazenda","lursan.com","Fazenda","Эмаль ПФ-115","Светло-голубая","Светло-голубой","0.9","small","39",,"39","43.3333","PRB","True","","","11207","https://lursan.com/index.php?route=product/product&path=1107_1124_1125&product_id=11207"
"2026-07-26T14:31:25.7500876+00:00","pf115_economy","economy","lursan_fazenda","lursan.com","Fazenda","Эмаль ПФ-115","Светло-зеленая","Светло-зелёный","0.9","small","39",,"39","43.3333","PRB","True","","","11212","https://lursan.com/index.php?route=product/product&path=1107_1124_1125&product_id=11212"
"2026-07-26T14:31:25.7500876+00:00","pf115_economy","economy","lursan_fazenda","lursan.com","Fazenda","Эмаль ПФ-115","Светло-серая","Светло-серый","0.9","small","39",,"39","43.3333","PRB","True","","","11217","https://lursan.com/index.php?route=product/product&path=1107_1124_1125&product_id=11217"
"2026-07-26T14:31:25.7500876+00:00","pf115_economy","economy","lursan_fazenda","lursan.com","Fazenda","Эмаль ПФ-115","Серая","Серый","0.9","small","39",,"39","43.3333","PRB","True","","","11221","https://lursan.com/index.php?route=product/product&path=1107_1124_1125&product_id=11221"
"2026-07-26T14:31:25.7500876+00:00","pf115_economy","economy","lursan_fazenda","lursan.com","Fazenda","Эмаль ПФ-115","Синяя","Синий","0.9","small","39",,"39","43.3333","PRB","True","","","11231","https://lursan.com/index.php?route=product/product&path=1107_1124_1125&product_id=11231"
"2026-07-26T14:31:25.7500876+00:00","pf115_economy","economy","lursan_fazenda","lursan.com","Fazenda","Эмаль ПФ-115","Темная-серая","Темно-серый","0.9","small","39",,"39","43.3333","PRB","True","","","11299","https://lursan.com/index.php?route=product/product&path=1107_1124_1125&product_id=11299"
"2026-07-26T14:31:25.7500876+00:00","pf115_economy","economy","lursan_fazenda","lursan.com","Fazenda","Эмаль ПФ-115","Черная","Черный","0.9","small","39",,"39","43.3333","PRB","True","","","11320","https://lursan.com/index.php?route=product/product&path=1107_1124_1125&product_id=11320"
"2026-07-26T14:31:25.7500876+00:00","pf115_economy","economy","lursan_fazenda","lursan.com","Fazenda","Эмаль ПФ-115","Ярко-голубая","Ярко-голубой","0.9","small","39",,"39","43.3333","PRB","True","","","11359","https://lursan.com/index.php?route=product/product&path=1107_1124_1125&product_id=11359"
"2026-07-26T14:31:25.7500876+00:00","pf115_economy","economy","mirremonta_dekart","mirremonta.md","DekArt","Эмаль ПФ-115","Бежевый","Бежевый","2.8","large","126",,"126","45","PRB","True","УТ-00000810","66860","35643","https://mirremonta.md/catalog/35644"
"2026-07-26T14:31:25.7500876+00:00","pf115_economy","economy","mirremonta_dekart","mirremonta.md","DekArt","Эмаль ПФ-115","Белый","Белый","2.8","large","132",,"132","47.1429","PRB","True","УТ-00000447","66759","35645","https://mirremonta.md/catalog/35644"
"2026-07-26T14:31:25.7500876+00:00","pf115_economy","economy","mirremonta_dekart","mirremonta.md","DekArt","Эмаль ПФ-115","Вишневый","Вишневый","2.8","large","132",,"132","47.1429","PRB","True","УТ-00000449","66853","35649","https://mirremonta.md/catalog/35644"
"2026-07-26T14:31:25.7500876+00:00","pf115_economy","economy","mirremonta_dekart","mirremonta.md","DekArt","Эмаль ПФ-115","Голубой","Голубой","2.8","large","135",,"135","48.2143","PRB","True","УТ-00000450","66765","35647","https://mirremonta.md/catalog/35644"
"2026-07-26T14:31:25.7500876+00:00","pf115_economy","economy","mirremonta_dekart","mirremonta.md","DekArt","Эмаль ПФ-115","Желто–коричневый","Желто-коричневый","2.8","large","129",,"129","46.0714","PRB","True","УТ-00000454","66867","35653","https://mirremonta.md/catalog/35644"
"2026-07-26T14:31:25.7500876+00:00","pf115_economy","economy","mirremonta_dekart","mirremonta.md","DekArt","Эмаль ПФ-115","Желтый","Желтый","2.8","large","114",,"114","40.7143","PRB","True","УТ-00000453","66770","35651","https://mirremonta.md/catalog/35644"
"2026-07-26T14:31:25.7500876+00:00","pf115_economy","economy","mirremonta_dekart","mirremonta.md","DekArt","Эмаль ПФ-115","Зелёный","Зелёный","2.8","large","135",,"135","48.2143","PRB","True","УТ-00000458","66775","35655","https://mirremonta.md/catalog/35644"
"2026-07-26T14:31:25.7500876+00:00","pf115_economy","economy","mirremonta_dekart","mirremonta.md","DekArt","Эмаль ПФ-115","Коричневый","Коричневый","2.8","large","128",,"128","45.7143","PRB","True","УТ-00000462","66780","35657","https://mirremonta.md/catalog/35644"
"2026-07-26T14:31:25.7500876+00:00","pf115_economy","economy","mirremonta_dekart","mirremonta.md","DekArt","Эмаль ПФ-115","Красно–коричневый","Красно-коричневый","2.8","large","128",,"128","45.7143","PRB","False","УТ-00000467","66871","35673","https://mirremonta.md/catalog/35644"
"2026-07-26T14:31:25.7500876+00:00","pf115_economy","economy","mirremonta_dekart","mirremonta.md","DekArt","Эмаль ПФ-115","Красный","Красный","2.8","large","139",,"139","49.6429","PRB","True","УТ-00000815","66785","35671","https://mirremonta.md/catalog/35644"
"2026-07-26T14:31:25.7500876+00:00","pf115_economy","economy","mirremonta_dekart","mirremonta.md","DekArt","Эмаль ПФ-115","Светло–зелёный","Светло-зелёный","2.8","large","133",,"133","47.5","PRB","True","УТ-00000464","66795","35659","https://mirremonta.md/catalog/35644"
"2026-07-26T14:31:25.7500876+00:00","pf115_economy","economy","mirremonta_dekart","mirremonta.md","DekArt","Эмаль ПФ-115","Светло–серый","Светло-серый","2.8","large","133",,"133","47.5","PRB","True","УТ-00000469","66844","35661","https://mirremonta.md/catalog/35644"
"2026-07-26T14:31:25.7500876+00:00","pf115_economy","economy","mirremonta_dekart","mirremonta.md","DekArt","Эмаль ПФ-115","Серый","Серый","2.8","large","129",,"129","46.0714","PRB","True","УТ-00000471","66801","35665","https://mirremonta.md/catalog/35644"
"2026-07-26T14:31:25.7500876+00:00","pf115_economy","economy","mirremonta_dekart","mirremonta.md","DekArt","Эмаль ПФ-115","Синий","Синий","2.8","large","135",,"135","48.2143","PRB","True","УТ-00000814","66806","35663","https://mirremonta.md/catalog/35644"
"2026-07-26T14:31:25.7500876+00:00","pf115_economy","economy","mirremonta_dekart","mirremonta.md","DekArt","Эмаль ПФ-115","Темно–зелёный","Темно-зелёный","2.8","large","135",,"135","48.2143","PRB","True","УТ-00000473","66811","35667","https://mirremonta.md/catalog/35644"
"2026-07-26T14:31:25.7500876+00:00","pf115_economy","economy","mirremonta_dekart","mirremonta.md","DekArt","Эмаль ПФ-115","Темно–серый","Темно-серый","2.8","large","135",,"135","48.2143","PRB","True","УТ-00000476","66816","35669","https://mirremonta.md/catalog/35644"
"2026-07-26T14:31:25.7500876+00:00","pf115_economy","economy","mirremonta_dekart","mirremonta.md","DekArt","Эмаль ПФ-115","Черный","Черный","2.8","large","120",,"120","42.8571","PRB","True","УТ-00000478","66821","35677","https://mirremonta.md/catalog/35644"
"2026-07-26T14:31:25.7500876+00:00","pf115_economy","economy","mirremonta_dekart","mirremonta.md","DekArt","Эмаль ПФ-115","Шоколадный","Шоколадный","2.8","large","130",,"130","46.4286","PRB","True","УТ-00030976","66875","35675","https://mirremonta.md/catalog/35644"
"2026-07-26T14:31:25.7500876+00:00","pf115_economy","economy","mirremonta_dekart","mirremonta.md","DekArt","Эмаль ПФ-115","Ярко–голубой","Ярко-голубой","2.8","large","135",,"135","48.2143","PRB","True","УТ-00000480","66826","35679","https://mirremonta.md/catalog/35644"
"2026-07-26T14:31:25.7500876+00:00","pf115_economy","economy","mirremonta_dekart","mirremonta.md","DekArt","Эмаль ПФ-115","Ярко–зелёный","Ярко-зелёный","2.8","large","138",,"138","49.2857","PRB","True","УТ-00030980","66828","35681","https://mirremonta.md/catalog/35644"
"2026-07-26T14:31:25.7500876+00:00","pf115_economy","economy","mirremonta_dekart","mirremonta.md","DekArt","Эмаль ПФ-115","Бежевый","Бежевый","0.9","small","46",,"46","51.1111","PRB","True","УТ-00000809","66859","35642","https://mirremonta.md/catalog/35644"
"2026-07-26T14:31:25.7500876+00:00","pf115_economy","economy","mirremonta_dekart","mirremonta.md","DekArt","Эмаль ПФ-115","Белый","Белый","0.9","small","47",,"47","52.2222","PRB","True","УТ-00000444","66758","35644","https://mirremonta.md/catalog/35644"
"2026-07-26T14:31:25.7500876+00:00","pf115_economy","economy","mirremonta_dekart","mirremonta.md","DekArt","Эмаль ПФ-115","Вишневый","Вишневый","0.9","small","47",,"47","52.2222","PRB","True","УТ-00000448","66863","35648","https://mirremonta.md/catalog/35644"
"2026-07-26T14:31:25.7500876+00:00","pf115_economy","economy","mirremonta_dekart","mirremonta.md","DekArt","Эмаль ПФ-115","Голубой","Голубой","0.9","small","48",,"48","53.3333","PRB","True","УТ-00000451","66764","35646","https://mirremonta.md/catalog/35644"
"2026-07-26T14:31:25.7500876+00:00","pf115_economy","economy","mirremonta_dekart","mirremonta.md","DekArt","Эмаль ПФ-115","Желто–коричневый","Желто-коричневый","0.9","small","48",,"48","53.3333","PRB","True","УТ-00000455","66866","35652","https://mirremonta.md/catalog/35644"
"2026-07-26T14:31:25.7500876+00:00","pf115_economy","economy","mirremonta_dekart","mirremonta.md","DekArt","Эмаль ПФ-115","Желтый","Желтый","0.9","small","49",,"49","54.4444","PRB","True","УТ-00000452","66769","35650","https://mirremonta.md/catalog/35644"
"2026-07-26T14:31:25.7500876+00:00","pf115_economy","economy","mirremonta_dekart","mirremonta.md","DekArt","Эмаль ПФ-115","Зелёный","Зелёный","0.9","small","47",,"47","52.2222","PRB","True","УТ-00000457","66774","35654","https://mirremonta.md/catalog/35644"
"2026-07-26T14:31:25.7500876+00:00","pf115_economy","economy","mirremonta_dekart","mirremonta.md","DekArt","Эмаль ПФ-115","Коричневый","Коричневый","0.9","small","48",,"48","53.3333","PRB","True","УТ-00000461","66779","35656","https://mirremonta.md/catalog/35644"
"2026-07-26T14:31:25.7500876+00:00","pf115_economy","economy","mirremonta_dekart","mirremonta.md","DekArt","Эмаль ПФ-115","Красно–коричневый","Красно-коричневый","0.9","small","45",,"45","50","PRB","True","УТ-00000466","66870","35672","https://mirremonta.md/catalog/35644"
"2026-07-26T14:31:25.7500876+00:00","pf115_economy","economy","mirremonta_dekart","mirremonta.md","DekArt","Эмаль ПФ-115","Красный","Красный","0.9","small","50",,"50","55.5556","PRB","True","УТ-00000465","66784","35670","https://mirremonta.md/catalog/35644"
"2026-07-26T14:31:25.7500876+00:00","pf115_economy","economy","mirremonta_dekart","mirremonta.md","DekArt","Эмаль ПФ-115","Светло–зелёный","Светло-зелёный","0.9","small","48",,"48","53.3333","PRB","True","УТ-00000463","66794","35658","https://mirremonta.md/catalog/35644"
"2026-07-26T14:31:25.7500876+00:00","pf115_economy","economy","mirremonta_dekart","mirremonta.md","DekArt","Эмаль ПФ-115","Светло–серый","Светло-серый","0.9","small","48",,"48","53.3333","PRB","True","УТ-00000468","66843","35660","https://mirremonta.md/catalog/35644"
"2026-07-26T14:31:25.7500876+00:00","pf115_economy","economy","mirremonta_dekart","mirremonta.md","DekArt","Эмаль ПФ-115","Серый","Серый","0.9","small","42",,"42","46.6667","PRB","True","УТ-00000470","66800","35664","https://mirremonta.md/catalog/35644"
"2026-07-26T14:31:25.7500876+00:00","pf115_economy","economy","mirremonta_dekart","mirremonta.md","DekArt","Эмаль ПФ-115","Синий","Синий","0.9","small","49",,"49","54.4444","PRB","True","УТ-00000456","66805","35662","https://mirremonta.md/catalog/35644"
"2026-07-26T14:31:25.7500876+00:00","pf115_economy","economy","mirremonta_dekart","mirremonta.md","DekArt","Эмаль ПФ-115","Темно–зелёный","Темно-зелёный","0.9","small","39",,"39","43.3333","PRB","True","УТ-00000472","66810","35666","https://mirremonta.md/catalog/35644"
"2026-07-26T14:31:25.7500876+00:00","pf115_economy","economy","mirremonta_dekart","mirremonta.md","DekArt","Эмаль ПФ-115","Темно–серый","Темно-серый","0.9","small","48",,"48","53.3333","PRB","True","УТ-00000475","66815","35668","https://mirremonta.md/catalog/35644"
"2026-07-26T14:31:25.7500876+00:00","pf115_economy","economy","mirremonta_dekart","mirremonta.md","DekArt","Эмаль ПФ-115","Черный","Черный","0.9","small","45",,"45","50","PRB","True","УТ-00000477","66820","35676","https://mirremonta.md/catalog/35644"
"2026-07-26T14:31:25.7500876+00:00","pf115_economy","economy","mirremonta_dekart","mirremonta.md","DekArt","Эмаль ПФ-115","Шоколадный","Шоколадный","0.9","small","46",,"46","51.1111","PRB","True","УТ-00030971","66874","35674","https://mirremonta.md/catalog/35644"
"2026-07-26T14:31:25.7500876+00:00","pf115_economy","economy","mirremonta_dekart","mirremonta.md","DekArt","Эмаль ПФ-115","Ярко–голубой","Ярко-голубой","0.9","small","49",,"49","54.4444","PRB","True","УТ-00000479","66825","35678","https://mirremonta.md/catalog/35644"
"2026-07-26T14:31:25.7500876+00:00","pf115_economy","economy","mirremonta_dekart","mirremonta.md","DekArt","Эмаль ПФ-115","Ярко–зелёный","Ярко-зелёный","0.9","small","48",,"48","53.3333","PRB","True","УТ-00030979","66827","35680","https://mirremonta.md/catalog/35644"
"2026-07-26T14:31:25.7500876+00:00","pf115_standard","standard","farba_farbex","farba.md","Farbex","Эмаль ПФ-115","Белая","Белый","2.8","large","153.20","147.10","153.20","54.7143","PRB","True","ЦБ000496328","","140009","https://farba.md/farbex--jemal-pph-115-belaja-gljancevaja-28-up6sht.html"
"2026-07-26T14:31:25.7500876+00:00","pf115_standard","standard","farba_farbex","farba.md","Farbex","Эмаль ПФ-115","бирюзовая","Бирюзовый","2.8","large","156.98","150.70","156.98","56.0643","PRB","True","ЦБ000509161","","121517","https://farba.md/farbex--jemal-pph-115-birjuzovaja-28-up6sht.html"
"2026-07-26T14:31:25.7500876+00:00","pf115_standard","standard","farba_farbex","farba.md","Farbex","Эмаль ПФ-115","голубая","Голубой","2.8","large","148.99","143.00","148.99","53.2107","PRB","True","ЦБ000496849","","140011","https://farba.md/farbex--jemal-pph-115-golubaja28-up6sht.html"
"2026-07-26T14:31:25.7500876+00:00","pf115_standard","standard","farba_farbex","farba.md","Farbex","Эмаль ПФ-115","лососевая","Лососевый","2.8","large","156.98","150.70","156.98","56.0643","PRB","True","ЦБ000504135","","121529","https://farba.md/farbex--jemal-pph-115-lososevaja-28-up6sht.html"
"2026-07-26T14:31:25.7500876+00:00","pf115_standard","standard","farba_farbex","farba.md","Farbex","Эмаль ПФ-115","оранжевая","Оранжевый","2.8","large","176.61","169.50","176.61","63.075","PRB","True","ЦБ000496349","","121530","https://farba.md/farbex--jemal-pph-115-oranzhevaja28-up6sht.html"
"2026-07-26T14:31:25.7500876+00:00","pf115_standard","standard","farba_farbex","farba.md","Farbex","Эмаль ПФ-115","салатовая","Салатовый","2.8","large","160.55","154.10","160.55","57.3393","PRB","True","ЦБ000496353","","121532","https://farba.md/farbex--jemal-pph-115-salatovaja28-up6sht.html"
"2026-07-26T14:31:25.7500876+00:00","pf115_standard","standard","farba_farbex","farba.md","Farbex","Эмаль ПФ-115","серая","Серый","2.8","large","156.98","150.70","156.98","56.0643","PRB","True","ЦБ000496361","","121700","https://farba.md/farbex--jemal-pph-115-seraja28-up6sht.html"
"2026-07-26T14:31:25.7500876+00:00","pf115_standard","standard","farba_farbex","farba.md","Farbex","Эмаль ПФ-115","сиреневая","Сиреневый","2.8","large","156.98","150.70","156.98","56.0643","PRB","True","ЦБ000496369","","142101","https://farba.md/farbex--jemal-pph-115-sirenevaja28-up6sht.html"
"2026-07-26T14:31:25.7500876+00:00","pf115_standard","standard","farba_farbex","farba.md","Farbex","Эмаль ПФ-115","слоновая кость","Слоновая кость","2.8","large","160.55","154.10","160.55","57.3393","PRB","True","ЦБ000496371","","140166","https://farba.md/farbex--jemal-pph-115-slonovaja-kost28-up6sht.html"
"2026-07-26T14:31:25.7500876+00:00","pf115_standard","standard","farba_farbex","farba.md","Farbex","Эмаль ПФ-115","хаки","Хаки","2.8","large","147.11","141.20","147.11","52.5393","PRB","True","ЦБ000496379","","121539","https://farba.md/farbex--jemal-pph-115-haki28-up6sht.html"
"2026-07-26T14:31:25.7500876+00:00","pf115_standard","standard","farba_farbex","farba.md","Farbex","Эмаль ПФ-115","черная","Черный","2.8","large","144.59","138.80","144.59","51.6393","PRB","True","ЦБ000496382","","139280","https://farba.md/farbex--jemal-pph-115-chernaja-28-up6sht.html"
"2026-07-26T14:31:25.7500876+00:00","pf115_standard","standard","farba_farbex","farba.md","Farbex","Эмаль ПФ-115","Белая","Белый","0.9","small","55.23","53.00","55.23","61.3667","PRB","True","ЦБ000496327","","140010","https://farba.md/farbex--jemal-pph-115-belaja-gljancevaja-09-up6sht.html"
"2026-07-26T14:31:25.7500876+00:00","pf115_standard","standard","farba_farbex","farba.md","Farbex","Эмаль ПФ-115","бирюзовая","Бирюзовый","0.9","small","55.97","53.70","55.97","62.1889","PRB","True","ЦБ000509160","","121518","https://farba.md/farbex--jemal-pph-115-birjuzovaja-09-up6sht.html"
"2026-07-26T14:31:25.7500876+00:00","pf115_standard","standard","farba_farbex","farba.md","Farbex","Эмаль ПФ-115","голубая","Голубой","0.9","small","50.30","48.30","50.30","55.8889","PRB","True","ЦБ000496848","","140012","https://farba.md/farbex--jemal-pph-115-golubaja09-up6sht.html"
"2026-07-26T14:31:25.7500876+00:00","pf115_standard","standard","farba_farbex","farba.md","Farbex","Эмаль ПФ-115","лососевая","Лососевый","0.9","small","49.67","47.70","49.67","55.1889","PRB","True","ЦБ000504134","","131523","https://farba.md/farbex--jemal-pph-115-lososevaja-09-up6sht.html"
"2026-07-26T14:31:25.7500876+00:00","pf115_standard","standard","farba_farbex","farba.md","Farbex","Эмаль ПФ-115","оранжевая","Оранжевый","0.9","small","65.21","62.60","65.21","72.4556","PRB","True","ЦБ000496348","","121531","https://farba.md/farbex--jemal-pph-115-oranzhevaja09-up6sht.html"
"2026-07-26T14:31:25.7500876+00:00","pf115_standard","standard","farba_farbex","farba.md","Farbex","Эмаль ПФ-115","салатовая","Салатовый","0.9","small","44.42","42.60","44.42","49.3556","PRB","True","ЦБ000496352","","121533","https://farba.md/farbex--jemal-pph-115-salatovaja-09-up6sht.html"
"2026-07-26T14:31:25.7500876+00:00","pf115_standard","standard","farba_farbex","farba.md","Farbex","Эмаль ПФ-115","светло-серая","Светло-серый","0.9","small","52.71","50.60","52.71","58.5667","PRB","True","ЦБ000496359","","122179","https://farba.md/farbex--jemal-pph-115-svetlo-seraja-09-up6sht.html"
"2026-07-26T14:31:25.7500876+00:00","pf115_standard","standard","farba_farbex","farba.md","Farbex","Эмаль ПФ-115","серебристая","Серебристый","0.9","small","71.19","68.30","71.19","79.1","PRB","True","ЦБ000509101","","122264","https://farba.md/farbex--jemal-pph-115-serebristaja09-up6sht.html"
"2026-07-26T14:31:25.7500876+00:00","pf115_standard","standard","farba_farbex","farba.md","Farbex","Эмаль ПФ-115","серая","Серый","0.9","small","52.40","50.30","52.40","58.2222","PRB","True","ЦБ000496362","","121700","https://farba.md/farbex--jemal-pph-115-seraja09-up6sht.html"
"2026-07-26T14:31:25.7500876+00:00","pf115_standard","standard","farba_farbex","farba.md","Farbex","Эмаль ПФ-115","хаки","Хаки","0.9","small","50.30","48.30","50.30","55.8889","PRB","True","ЦБ000496378","","121540","https://farba.md/farbex--jemal-pph-115-haki-09-up6sht.html"
"2026-07-26T14:31:25.7500876+00:00","pf115_standard","standard","farba_farbex","farba.md","Farbex","Эмаль ПФ-115","черная","Черный","0.9","small","49.25","47.30","49.25","54.7222","PRB","True","ЦБ000496381","","139280","https://farba.md/farbex--jemal-pph-115-chernaja-09-up6sht.html"
"2026-07-26T14:31:25.7500876+00:00","pf115_standard","standard","farba_zebra_master","farba.md","Zebra Master","Эмаль ПФ-115","Бежевая","Бежевый","2.6","large","159.00","152.60","159.00","61.1538","PRB","True","ЦБ000546781","","140124","https://farba.md/jemal-pph-115-bezhevaja-universalnaja-26kg-zebra-serija-master-up6sht.html"
"2026-07-26T14:31:25.7500876+00:00","pf115_standard","standard","farba_zebra_master","farba.md","Zebra Master","Эмаль ПФ-115","Бирюзовая","Бирюзовый","2.6","large","159.00","152.60","159.00","61.1538","PRB","True","ЦБ000546791","","140129","https://farba.md/jemal-pph-115-birjuzovaja-universalnaja-26kg-zebra-serija-master-up6sht.html"
"2026-07-26T14:31:25.7500876+00:00","pf115_standard","standard","farba_zebra_master","farba.md","Zebra Master","Эмаль ПФ-115","Желтая","Желтый","2.6","large","159.00","152.60","159.00","61.1538","PRB","True","ЦБ000546813","","140132","https://farba.md/jemal-pph-115-zheltaja-universalnaja-26kg-zebra-serija-master-up6sht.html"
"2026-07-26T14:31:25.7500876+00:00","pf115_standard","standard","farba_zebra_master","farba.md","Zebra Master","Эмаль ПФ-115","Зеленая","Зелёный","2.6","large","159.00","152.60","159.00","61.1538","PRB","True","ЦБ000546800","","140170","https://farba.md/jemal-pph-115-zelenaja-universalnaja-26kg-zebra-serija-master-up6sht.html"
"2026-07-26T14:31:25.7500876+00:00","pf115_standard","standard","farba_zebra_master","farba.md","Zebra Master","Эмаль ПФ-115","Коричневая","Коричневый","2.6","large","159.00","152.60","159.00","61.1538","PRB","True","ЦБ000546825","","140173","https://farba.md/jemal-pph-115-korichnevaja-universalnaja-26kg-zebra-serija-master-up6sht.html"
"2026-07-26T14:31:25.7500876+00:00","pf115_standard","standard","farba_zebra_master","farba.md","Zebra Master","Эмаль ПФ-115","Красно-коричневая","Красно-коричневый","2.6","large","159.00","152.60","159.00","61.1538","PRB","True","ЦБ000546827","","140141","https://farba.md/jemal-pph-115-krasno-korichnevaja-universalnaja-26kg-zebra-serija-master-up6sht.html"
"2026-07-26T14:31:25.7500876+00:00","pf115_standard","standard","farba_zebra_master","farba.md","Zebra Master","Эмаль ПФ-115","Красная","Красный","2.6","large","159.00","152.60","159.00","61.1538","PRB","True","ЦБ000546821","","140139","https://farba.md/jemal-pph-115-krasnaja-universalnaja-26kg-zebra-serija-master-up6sht.html"
"2026-07-26T14:31:25.7500876+00:00","pf115_standard","standard","farba_zebra_master","farba.md","Zebra Master","Эмаль ПФ-115","Малахит","Малахит","2.6","large","159.00","152.60","159.00","61.1538","PRB","True","ЦБ000546793","","140143","https://farba.md/jemal-pph-115-malahit-universalnaja-26kg-zebra-serija-master-up6sht.html"
"2026-07-26T14:31:25.7500876+00:00","pf115_standard","standard","farba_zebra_master","farba.md","Zebra Master","Эмаль ПФ-115","Оранжевая","Оранжевый","2.6","large","167.00","160.30","167.00","64.2308","PRB","True","ЦБ000546816","","140146","https://farba.md/jemal-pph-115-oranzhevaja-universalnaja-26kg-zebra-serija-master-up6sht.html"
"2026-07-26T14:31:25.7500876+00:00","pf115_standard","standard","farba_zebra_master","farba.md","Zebra Master","Эмаль ПФ-115","Салатовая","Салатовый","2.6","large","157.00","150.70","157.00","60.3846","PRB","True","ЦБ000546796","","140149","https://farba.md/jemal-pph-115-salatovaja-universalnaja-26kg-zebra-serija-master-up6sht.html"
"2026-07-26T14:31:25.7500876+00:00","pf115_standard","standard","farba_zebra_master","farba.md","Zebra Master","Эмаль ПФ-115","Светло-голубая","Светло-голубой","2.6","large","159.00","152.60","159.00","61.1538","PRB","True","ЦБ000546804","","140151","https://farba.md/jemal-pph-115-svetlo-golubaja-universalnaja-26kg-zebra-serija-master-up6sht.html"
"2026-07-26T14:31:25.7500876+00:00","pf115_standard","standard","farba_zebra_master","farba.md","Zebra Master","Эмаль ПФ-115","Светло-зеленая","Светло-зелёный","2.6","large","159.00","152.60","159.00","61.1538","PRB","True","ЦБ000546798","","140153","https://farba.md/jemal-pph-115-svetlo-zelenaja-universalnaja-26kg-zebra-serija-master-up6sht.html"
"2026-07-26T14:31:25.7500876+00:00","pf115_standard","standard","farba_zebra_master","farba.md","Zebra Master","Эмаль ПФ-115","Светло-фиолетовая","Светло-Фиолетовая","2.6","large","159.00","152.60","159.00","61.1538","PRB","True","ЦБ000546818","","140155","https://farba.md/jemal-pph-115-svetlo-phioletovaja-universalnaja-26kg-zebra-serija-masterup6sht.html"
"2026-07-26T14:31:25.7500876+00:00","pf115_standard","standard","farba_zebra_master","farba.md","Zebra Master","Эмаль ПФ-115","Серебристая","Серебристый","2.6","large","157.00","150.70","157.00","60.3846","PRB","True","ЦБ000546789","","140161","https://farba.md/jemal-pph-115-serebristaja-universalnaja-26kg-zebra-serija-master-up6sht.html"
"2026-07-26T14:31:25.7500876+00:00","pf115_standard","standard","farba_zebra_master","farba.md","Zebra Master","Эмаль ПФ-115","Серая","Серый","2.6","large","167.00","160.30","167.00","64.2308","PRB","True","ЦБ000546784","","140175","https://farba.md/jemal-pph-115-seraja-universalnaja-26kg-zebra-serija-master-up6sht.html"
"2026-07-26T14:31:25.7500876+00:00","pf115_standard","standard","farba_zebra_master","farba.md","Zebra Master","Эмаль ПФ-115","Синяя","Синий","2.6","large","159.00","152.60","159.00","61.1538","PRB","True","ЦБ000546810","","140164","https://farba.md/jemal-pph-115-sinjaja-universalnaja-26kg-zebra-serija-master-up6sht.html"
"2026-07-26T14:31:25.7500876+00:00","pf115_standard","standard","farba_zebra_master","farba.md","Zebra Master","Эмаль ПФ-115","Слоновая кость","Слоновая кость","2.6","large","149.00","143.00","149.00","57.3077","PRB","True","ЦБ000546779","","140166","https://farba.md/jemal-pph-115-slonovaja-kost-universalnaja-26kg-zebra-serija-master-up6sht.html"
"2026-07-26T14:31:25.7500876+00:00","pf115_standard","standard","farba_zebra_master","farba.md","Zebra Master","Эмаль ПФ-115","Темно-вишневая","Темно-Вишневая","2.6","large","159.00","152.60","159.00","61.1538","PRB","True","ЦБ000546823","","140168","https://farba.md/jemal-pph-115-temno-vishnevaja-universalnaja-26kg-zebra-serija-master-up6sht.html"
"2026-07-26T14:31:25.7500876+00:00","pf115_standard","standard","farba_zebra_master","farba.md","Zebra Master","Эмаль ПФ-115","Темно-зеленая","Темно-зелёный","2.6","large","159.00","152.60","159.00","61.1538","PRB","True","ЦБ000546802","","140170","https://farba.md/jemal-pph-115-temno-zelenaja-universalnaja-26kg-zebra-serija-master-up6sht.html"
"2026-07-26T14:31:25.7500876+00:00","pf115_standard","standard","farba_zebra_master","farba.md","Zebra Master","Эмаль ПФ-115","Темно-коричневая","Темно-коричневый","2.6","large","159.00","152.60","159.00","61.1538","PRB","True","ЦБ000546829","","140172","https://farba.md/jemal-pph-115-temno-korichnevaja-universalnaja-26kg-zebra-serija-master-up6sht.html"
"2026-07-26T14:31:25.7500876+00:00","pf115_standard","standard","farba_zebra_master","farba.md","Zebra Master","Эмаль ПФ-115","Темно-серая","Темно-серый","2.6","large","159.00","152.60","159.00","61.1538","PRB","True","ЦБ000546786","","140174","https://farba.md/jemal-pph-115-temno-seraja-universalnaja-26kg-zebra-serija-master-up6sht.html"
"2026-07-26T14:31:25.7500876+00:00","pf115_standard","standard","farba_zebra_master","farba.md","Zebra Master","Эмаль ПФ-115","Черная","Черный","2.6","large","139.00","133.40","139.00","53.4615","PRB","True","ЦБ000546832","","140177","https://farba.md/jemal-pph-115-chernaja-universalnaja-26kg-zebra-serija-master-up6sht.html"
"2026-07-26T14:31:25.7500876+00:00","pf115_standard","standard","farba_zebra_master","farba.md","Zebra Master","Эмаль ПФ-115","Ярко-голубая","Ярко-голубой","2.6","large","159.00","152.60","159.00","61.1538","PRB","True","ЦБ000546807","","140180","https://farba.md/jemal-pph-115-jarko-golubaja-universalnaja-26kg-zebra-serija-masterup6sht.html"
"2026-07-26T14:31:25.7500876+00:00","pf115_standard","standard","farba_zebra_master","farba.md","Zebra Master","Эмаль ПФ-115","Бежевая","Бежевый","0.8","small","59.00","56.60","59.00","73.75","PRB","True","ЦБ000546780","","140125","https://farba.md/jemal-pph-115-bezhevaja-universalnaja-08kg-zebra-serija-master-up8sht.html"
"2026-07-26T14:31:25.7500876+00:00","pf115_standard","standard","farba_zebra_master","farba.md","Zebra Master","Эмаль ПФ-115","Бирюзовая","Бирюзовый","0.8","small","59.00","56.60","59.00","73.75","PRB","True","ЦБ000546790","","140130","https://farba.md/jemal-pph-115-birjuzovaja-universalnaja-08kg-zebra-serija-master-up8sht.html"
"2026-07-26T14:31:25.7500876+00:00","pf115_standard","standard","farba_zebra_master","farba.md","Zebra Master","Эмаль ПФ-115","Желтая","Желтый","0.8","small","59.00","56.60","59.00","73.75","PRB","True","ЦБ000546812","","140133","https://farba.md/jemal-pph-115-zheltaja-universalnaja-08kg-zebra-serija-master-up8sht.html"
"2026-07-26T14:31:25.7500876+00:00","pf115_standard","standard","farba_zebra_master","farba.md","Zebra Master","Эмаль ПФ-115","Зеленая","Зелёный","0.8","small","59.00","56.60","59.00","73.75","PRB","True","ЦБ000546799","","140170","https://farba.md/jemal-pph-115-zelenaja-universalnaja-08kg-zebra-serija-master-up8sht.html"
"2026-07-26T14:31:25.7500876+00:00","pf115_standard","standard","farba_zebra_master","farba.md","Zebra Master","Эмаль ПФ-115","Коричневая","Коричневый","0.8","small","59.00","56.60","59.00","73.75","PRB","True","ЦБ000546824","","140173","https://farba.md/jemal-pph-115-korichnevaja-universalnaja-08kg-zebra-serija-master-up8sht.html"
"2026-07-26T14:31:25.7500876+00:00","pf115_standard","standard","farba_zebra_master","farba.md","Zebra Master","Эмаль ПФ-115","Красно-коричневая","Красно-коричневый","0.8","small","59.00","56.60","59.00","73.75","PRB","True","ЦБ000546826","","140142","https://farba.md/jemal-pph-115-krasno-korichnevaja-universalnaja-08kg-zebra-serija-master-up8sht.html"
"2026-07-26T14:31:25.7500876+00:00","pf115_standard","standard","farba_zebra_master","farba.md","Zebra Master","Эмаль ПФ-115","Красная","Красный","0.8","small","59.00","56.60","59.00","73.75","PRB","True","ЦБ000546820","","140140","https://farba.md/jemal-pph-115-krasnaja-universalnaja-08kg-zebra-serija-master-up8sht.html"
"2026-07-26T14:31:25.7500876+00:00","pf115_standard","standard","farba_zebra_master","farba.md","Zebra Master","Эмаль ПФ-115","Малахит","Малахит","0.8","small","59.00","56.60","59.00","73.75","PRB","True","ЦБ000546792","","140144","https://farba.md/jemal-pph-115-malahit-universalnaja-08kg-zebra-serija-master-up8sht.html"
"2026-07-26T14:31:25.7500876+00:00","pf115_standard","standard","farba_zebra_master","farba.md","Zebra Master","Эмаль ПФ-115","Оранжевая","Оранжевый","0.8","small","59.00","56.60","59.00","73.75","PRB","True","ЦБ000546815","","140147","https://farba.md/jemal-pph-115-oranzhevaja-universalnaja-08kg-zebra-serija-master-up8sht.html"
"2026-07-26T14:31:25.7500876+00:00","pf115_standard","standard","farba_zebra_master","farba.md","Zebra Master","Эмаль ПФ-115","Салатовая","Салатовый","0.8","small","59.00","56.60","59.00","73.75","PRB","True","ЦБ000546795","","140150","https://farba.md/jemal-pph-115-salatovaja-universalnaja-08kg-zebra-serija-master-up8sht.html"
"2026-07-26T14:31:25.7500876+00:00","pf115_standard","standard","farba_zebra_master","farba.md","Zebra Master","Эмаль ПФ-115","Светло-голубая","Светло-голубой","0.8","small","59.00","56.60","59.00","73.75","PRB","True","ЦБ000546803","","140152","https://farba.md/jemal-pph-115-svetlo-golubaja-universalnaja-08kg-zebra-serija-master-up8sht.html"
"2026-07-26T14:31:25.7500876+00:00","pf115_standard","standard","farba_zebra_master","farba.md","Zebra Master","Эмаль ПФ-115","Светло-зеленая","Светло-зелёный","0.8","small","59.00","56.60","59.00","73.75","PRB","True","ЦБ000546797","","140154","https://farba.md/jemal-pph-115-svetlo-zelenaja-universalnaja-08kg-zebra-serija-master-up8sht.html"
"2026-07-26T14:31:25.7500876+00:00","pf115_standard","standard","farba_zebra_master","farba.md","Zebra Master","Эмаль ПФ-115","Светло-фиолетовая","Светло-Фиолетовая","0.8","small","59.00","56.60","59.00","73.75","PRB","True","ЦБ000546817","","140156","https://farba.md/jemal-pph-115-svetlo-phioletovaja-universalnaja-08kg-zebra-serija-master-up8sht.html"
"2026-07-26T14:31:25.7500876+00:00","pf115_standard","standard","farba_zebra_master","farba.md","Zebra Master","Эмаль ПФ-115","Серебристая","Серебристый","0.8","small","59.00","56.60","59.00","73.75","PRB","True","ЦБ000546788","","140162","https://farba.md/jemal-pph-115-serebristaja-universalnaja-08kg-zebra-serija-master-up8sht.html"
"2026-07-26T14:31:25.7500876+00:00","pf115_standard","standard","farba_zebra_master","farba.md","Zebra Master","Эмаль ПФ-115","Серая","Серый","0.8","small","59.00","56.60","59.00","73.75","PRB","True","ЦБ000546783","","140175","https://farba.md/jemal-pph-115-seraja-universalnaja-08kg-zebra-serija-master-up8sht.html"
"2026-07-26T14:31:25.7500876+00:00","pf115_standard","standard","farba_zebra_master","farba.md","Zebra Master","Эмаль ПФ-115","Синяя","Синий","0.8","small","59.00","56.60","59.00","73.75","PRB","True","ЦБ000546809","","140165","https://farba.md/jemal-pph-115-sinjaja-universalnaja-08kg-zebra-serija-master-up8sht.html"
"2026-07-26T14:31:25.7500876+00:00","pf115_standard","standard","farba_zebra_master","farba.md","Zebra Master","Эмаль ПФ-115","Слоновая кость","Слоновая кость","0.8","small","53.00","50.90","53.00","66.25","PRB","True","ЦБ000546778","","140167","https://farba.md/jemal-pph-115-slonovaja-kost-universalnaja-08kg-zebra-serija-master.html"
"2026-07-26T14:31:25.7500876+00:00","pf115_standard","standard","farba_zebra_master","farba.md","Zebra Master","Эмаль ПФ-115","Темно-вишневая","Темно-Вишневая","0.8","small","59.00","56.60","59.00","73.75","PRB","True","ЦБ000546822","","140169","https://farba.md/jemal-pph-115-temno-vishnevaja-universalnaja-08kg-zebra-serija-master-up8sht.html"
"2026-07-26T14:31:25.7500876+00:00","pf115_standard","standard","farba_zebra_master","farba.md","Zebra Master","Эмаль ПФ-115","Темно-зеленая","Темно-зелёный","0.8","small","59.00","56.60","59.00","73.75","PRB","True","ЦБ000546801","","140171","https://farba.md/jemal-pph-115-temno-zelenaja-universalnaja-08kg-zebra-serija-master-up8sht.html"
"2026-07-26T14:31:25.7500876+00:00","pf115_standard","standard","farba_zebra_master","farba.md","Zebra Master","Эмаль ПФ-115","Темно-коричневая","Темно-коричневый","0.8","small","59.00","56.60","59.00","73.75","PRB","True","ЦБ000546828","","140173","https://farba.md/jemal-pph-115-temno-korichnevaja-universalnaja-08kg-zebra-serija-master-up8sht.html"
"2026-07-26T14:31:25.7500876+00:00","pf115_standard","standard","farba_zebra_master","farba.md","Zebra Master","Эмаль ПФ-115","Темно-серая","Темно-серый","0.8","small","59.00","56.60","59.00","73.75","PRB","True","ЦБ000546785","","140175","https://farba.md/jemal-pph-115-temno-seraja-universalnaja-08kg-zebra-serija-master-up8sht.html"
"2026-07-26T14:31:25.7500876+00:00","pf115_standard","standard","farba_zebra_master","farba.md","Zebra Master","Эмаль ПФ-115","Черная","Черный","0.8","small","59.00","56.60","59.00","73.75","PRB","True","ЦБ000546831","","140178","https://farba.md/jemal-pph-115-chernaja-universalnaja-08kg-zebra-serija-master-up8sht.html"
"2026-07-26T14:31:25.7500876+00:00","pf115_standard","standard","farba_zebra_master","farba.md","Zebra Master","Эмаль ПФ-115","Ярко-голубая","Ярко-голубой","0.8","small","59.00","56.60","59.00","73.75","PRB","True","ЦБ000546806","","140181","https://farba.md/jemal-pph-115-jarko-golubaja-universalnaja-08kg-zebra-serija-master-up8sht.html"
"2026-07-26T14:31:25.7500876+00:00","pf115_standard","standard","lursan_korabelnaya","lursan.com","Корабельная","Эмаль ПФ-115","Бежевая","Бежевый","2.8","large","160",,"160","57.1429","PRB","True","","","10868","https://lursan.com/index.php?route=product/product&path=1107_1124_1126&product_id=10868"
"2026-07-26T14:31:25.7500876+00:00","pf115_standard","standard","lursan_korabelnaya","lursan.com","Корабельная","Эмаль ПФ-115","Белоснежная","Белоснежный","2.8","large","200",,"200","71.4286","PRB","True","","","10875","https://lursan.com/index.php?route=product/product&path=1107_1124_1126&product_id=10875"
"2026-07-26T14:31:25.7500876+00:00","pf115_standard","standard","lursan_korabelnaya","lursan.com","Корабельная","Эмаль ПФ-115","Белая","Белый","2.8","large","180",,"180","64.2857","PRB","True","","","10871","https://lursan.com/index.php?route=product/product&path=1107_1124_1126&product_id=10871"
"2026-07-26T14:31:25.7500876+00:00","pf115_standard","standard","lursan_korabelnaya","lursan.com","Корабельная","Эмаль ПФ-115","Бирюзовая","Бирюзовый","2.8","large","160",,"160","57.1429","PRB","True","","","10878","https://lursan.com/index.php?route=product/product&path=1107_1124_1126&product_id=10878"
"2026-07-26T14:31:25.7500876+00:00","pf115_standard","standard","lursan_korabelnaya","lursan.com","Корабельная","Эмаль ПФ-115","Вишневая","Вишневый","2.8","large","150",,"150","53.5714","PRB","True","","","10883","https://lursan.com/index.php?route=product/product&path=1107_1124_1126&product_id=10883"
"2026-07-26T14:31:25.7500876+00:00","pf115_standard","standard","lursan_korabelnaya","lursan.com","Корабельная","Эмаль ПФ-115","Голубая","Голубой","2.8","large","160",,"160","57.1429","PRB","True","","","10888","https://lursan.com/index.php?route=product/product&path=1107_1124_1126&product_id=10888"
"2026-07-26T14:31:25.7500876+00:00","pf115_standard","standard","lursan_korabelnaya","lursan.com","Корабельная","Эмаль ПФ-115","Желтая","Желтый","2.8","large","170",,"170","60.7143","PRB","True","","","10957","https://lursan.com/index.php?route=product/product&path=1107_1124_1126&product_id=10957"
"2026-07-26T14:31:25.7500876+00:00","pf115_standard","standard","lursan_korabelnaya","lursan.com","Корабельная","Эмаль ПФ-115","Зеленая","Зелёный","2.8","large","160",,"160","57.1429","PRB","True","","","10971","https://lursan.com/index.php?route=product/product&path=1107_1124_1126&product_id=10971"
"2026-07-26T14:31:25.7500876+00:00","pf115_standard","standard","lursan_korabelnaya","lursan.com","Корабельная","Эмаль ПФ-115","Коричневая","Коричневый","2.8","large","150",,"150","53.5714","PRB","True","","","11025","https://lursan.com/index.php?route=product/product&path=1107_1124_1126&product_id=11025"
"2026-07-26T14:31:25.7500876+00:00","pf115_standard","standard","lursan_korabelnaya","lursan.com","Корабельная","Эмаль ПФ-115","Красная","Красный","2.8","large","170",,"170","60.7143","PRB","True","","","11127","https://lursan.com/index.php?route=product/product&path=1107_1124_1126&product_id=11127"
"2026-07-26T14:31:25.7500876+00:00","pf115_standard","standard","lursan_korabelnaya","lursan.com","Корабельная","Эмаль ПФ-115","Морская волна","Морская волна","2.8","large","160",,"160","57.1429","PRB","True","","","11187","https://lursan.com/index.php?route=product/product&path=1107_1124_1126&product_id=11187"
"2026-07-26T14:31:25.7500876+00:00","pf115_standard","standard","lursan_korabelnaya","lursan.com","Корабельная","Эмаль ПФ-115","Оранжевая","Оранжевый","2.8","large","180",,"180","64.2857","PRB","True","","","11195","https://lursan.com/index.php?route=product/product&path=1107_1124_1126&product_id=11195"
"2026-07-26T14:31:25.7500876+00:00","pf115_standard","standard","lursan_korabelnaya","lursan.com","Корабельная","Эмаль ПФ-115","Салатовая","Салатовый","2.8","large","170",,"170","60.7143","PRB","True","","","11203","https://lursan.com/index.php?route=product/product&path=1107_1124_1126&product_id=11203"
"2026-07-26T14:31:25.7500876+00:00","pf115_standard","standard","lursan_korabelnaya","lursan.com","Корабельная","Эмаль ПФ-115","Светло-голубая","Светло-голубой","2.8","large","160",,"160","57.1429","PRB","True","","","11206","https://lursan.com/index.php?route=product/product&path=1107_1124_1126&product_id=11206"
"2026-07-26T14:31:25.7500876+00:00","pf115_standard","standard","lursan_korabelnaya","lursan.com","Корабельная","Эмаль ПФ-115","Светло-зеленая","Светло-зелёный","2.8","large","160",,"160","57.1429","PRB","True","","","11211","https://lursan.com/index.php?route=product/product&path=1107_1124_1126&product_id=11211"
"2026-07-26T14:31:25.7500876+00:00","pf115_standard","standard","lursan_korabelnaya","lursan.com","Корабельная","Эмаль ПФ-115","Светло-серая","Светло-серый","2.8","large","160",,"160","57.1429","PRB","True","","","11216","https://lursan.com/index.php?route=product/product&path=1107_1124_1126&product_id=11216"
"2026-07-26T14:31:25.7500876+00:00","pf115_standard","standard","lursan_korabelnaya","lursan.com","Корабельная","Эмаль ПФ-115","Серая","Серый","2.8","large","180",,"180","64.2857","PRB","True","","","11220","https://lursan.com/index.php?route=product/product&path=1107_1124_1126&product_id=11220"
"2026-07-26T14:31:25.7500876+00:00","pf115_standard","standard","lursan_korabelnaya","lursan.com","Корабельная","Эмаль ПФ-115","Синяя","Синий","2.8","large","160",,"160","57.1429","PRB","True","","","11230","https://lursan.com/index.php?route=product/product&path=1107_1124_1126&product_id=11230"
"2026-07-26T14:31:25.7500876+00:00","pf115_standard","standard","lursan_korabelnaya","lursan.com","Корабельная","Эмаль ПФ-115","Сиреневая","Сиреневый","2.8","large","170",,"170","60.7143","PRB","True","","","11235","https://lursan.com/index.php?route=product/product&path=1107_1124_1126&product_id=11235"
"2026-07-26T14:31:25.7500876+00:00","pf115_standard","standard","lursan_korabelnaya","lursan.com","Корабельная","Эмаль ПФ-115","Слоновая кость","Слоновая кость","2.8","large","160",,"160","57.1429","PRB","True","","","11237","https://lursan.com/index.php?route=product/product&path=1107_1124_1126&product_id=11237"
"2026-07-26T14:31:25.7500876+00:00","pf115_standard","standard","lursan_korabelnaya","lursan.com","Корабельная","Эмаль ПФ-115","Темно-зеленая","Темно-зелёный","2.8","large","160",,"160","57.1429","PRB","True","","","11302","https://lursan.com/index.php?route=product/product&path=1107_1124_1126&product_id=11302"
"2026-07-26T14:31:25.7500876+00:00","pf115_standard","standard","lursan_korabelnaya","lursan.com","Корабельная","Эмаль ПФ-115","Темно-коричневая","Темно-коричневый","2.8","large","160",,"160","57.1429","PRB","True","","","11304","https://lursan.com/index.php?route=product/product&path=1107_1124_1126&product_id=11304"
"2026-07-26T14:31:25.7500876+00:00","pf115_standard","standard","lursan_korabelnaya","lursan.com","Корабельная","Эмаль ПФ-115","Темно-серая","Темно-серый","2.8","large","150",,"150","53.5714","PRB","True","","","11307","https://lursan.com/index.php?route=product/product&path=1107_1124_1126&product_id=11307"
"2026-07-26T14:31:25.7500876+00:00","pf115_standard","standard","lursan_korabelnaya","lursan.com","Корабельная","Эмаль ПФ-115","Фиолетовая","Фиолетовый","2.8","large","180",,"180","64.2857","PRB","True","","","11314","https://lursan.com/index.php?route=product/product&path=1107_1124_1126&product_id=11314"
"2026-07-26T14:31:25.7500876+00:00","pf115_standard","standard","lursan_korabelnaya","lursan.com","Корабельная","Эмаль ПФ-115","Хаки","Хаки","2.8","large","150",,"150","53.5714","PRB","True","","","11316","https://lursan.com/index.php?route=product/product&path=1107_1124_1126&product_id=11316"
"2026-07-26T14:31:25.7500876+00:00","pf115_standard","standard","lursan_korabelnaya","lursan.com","Корабельная","Эмаль ПФ-115","Черная","Черный","2.8","large","150",,"150","53.5714","PRB","True","","","11319","https://lursan.com/index.php?route=product/product&path=1107_1124_1126&product_id=11319"
"2026-07-26T14:31:25.7500876+00:00","pf115_standard","standard","lursan_korabelnaya","lursan.com","Корабельная","Эмаль ПФ-115","Ярко-голубая","Ярко-голубой","2.8","large","160",,"160","57.1429","PRB","True","","","11358","https://lursan.com/index.php?route=product/product&path=1107_1124_1126&product_id=11358"
"2026-07-26T14:31:25.7500876+00:00","pf115_standard","standard","lursan_korabelnaya","lursan.com","Корабельная","Эмаль ПФ-115","Бежевая","Бежевый","0.9","small","60",,"60","66.6667","PRB","True","","","10867","https://lursan.com/index.php?route=product/product&path=1107_1124_1126&product_id=10867"
"2026-07-26T14:31:25.7500876+00:00","pf115_standard","standard","lursan_korabelnaya","lursan.com","Корабельная","Эмаль ПФ-115","Белоснежная","Белоснежный","0.9","small","80",,"80","88.8889","PRB","True","","","10874","https://lursan.com/index.php?route=product/product&path=1107_1124_1126&product_id=10874"
"2026-07-26T14:31:25.7500876+00:00","pf115_standard","standard","lursan_korabelnaya","lursan.com","Корабельная","Эмаль ПФ-115","Белая","Белый","0.9","small","70",,"70","77.7778","PRB","True","","","10870","https://lursan.com/index.php?route=product/product&path=1107_1124_1126&product_id=10870"
"2026-07-26T14:31:25.7500876+00:00","pf115_standard","standard","lursan_korabelnaya","lursan.com","Корабельная","Эмаль ПФ-115","Бирюзовая","Бирюзовый","0.9","small","60",,"60","66.6667","PRB","True","","","10877","https://lursan.com/index.php?route=product/product&path=1107_1124_1126&product_id=10877"
"2026-07-26T14:31:25.7500876+00:00","pf115_standard","standard","lursan_korabelnaya","lursan.com","Корабельная","Эмаль ПФ-115","Вишневая","Вишневый","0.9","small","60",,"60","66.6667","PRB","True","","","10882","https://lursan.com/index.php?route=product/product&path=1107_1124_1126&product_id=10882"
"2026-07-26T14:31:25.7500876+00:00","pf115_standard","standard","lursan_korabelnaya","lursan.com","Корабельная","Эмаль ПФ-115","Голубая","Голубой","0.9","small","60",,"60","66.6667","PRB","True","","","10887","https://lursan.com/index.php?route=product/product&path=1107_1124_1126&product_id=10887"
"2026-07-26T14:31:25.7500876+00:00","pf115_standard","standard","lursan_korabelnaya","lursan.com","Корабельная","Эмаль ПФ-115","Желтая","Желтый","0.9","small","60",,"60","66.6667","PRB","True","","","10956","https://lursan.com/index.php?route=product/product&path=1107_1124_1126&product_id=10956"
"2026-07-26T14:31:25.7500876+00:00","pf115_standard","standard","lursan_korabelnaya","lursan.com","Корабельная","Эмаль ПФ-115","Зеленая","Зелёный","0.9","small","60",,"60","66.6667","PRB","True","","","10970","https://lursan.com/index.php?route=product/product&path=1107_1124_1126&product_id=10970"
"2026-07-26T14:31:25.7500876+00:00","pf115_standard","standard","lursan_korabelnaya","lursan.com","Корабельная","Эмаль ПФ-115","Коричневая","Коричневый","0.9","small","60",,"60","66.6667","PRB","True","","","11024","https://lursan.com/index.php?route=product/product&path=1107_1124_1126&product_id=11024"
"2026-07-26T14:31:25.7500876+00:00","pf115_standard","standard","lursan_korabelnaya","lursan.com","Корабельная","Эмаль ПФ-115","Красная","Красный","0.9","small","60",,"60","66.6667","PRB","True","","","11126","https://lursan.com/index.php?route=product/product&path=1107_1124_1126&product_id=11126"
"2026-07-26T14:31:25.7500876+00:00","pf115_standard","standard","lursan_korabelnaya","lursan.com","Корабельная","Эмаль ПФ-115","Морская волна","Морская волна","0.9","small","60",,"60","66.6667","PRB","True","","","11186","https://lursan.com/index.php?route=product/product&path=1107_1124_1126&product_id=11186"
"2026-07-26T14:31:25.7500876+00:00","pf115_standard","standard","lursan_korabelnaya","lursan.com","Корабельная","Эмаль ПФ-115","Оранжевая","Оранжевый","0.9","small","60",,"60","66.6667","PRB","True","","","11194","https://lursan.com/index.php?route=product/product&path=1107_1124_1126&product_id=11194"
"2026-07-26T14:31:25.7500876+00:00","pf115_standard","standard","lursan_korabelnaya","lursan.com","Корабельная","Эмаль ПФ-115","Салатовая","Салатовый","0.9","small","60",,"60","66.6667","PRB","True","","","11202","https://lursan.com/index.php?route=product/product&path=1107_1124_1126&product_id=11202"
"2026-07-26T14:31:25.7500876+00:00","pf115_standard","standard","lursan_korabelnaya","lursan.com","Корабельная","Эмаль ПФ-115","Светло-голубая","Светло-голубой","0.9","small","60",,"60","66.6667","PRB","True","","","11205","https://lursan.com/index.php?route=product/product&path=1107_1124_1126&product_id=11205"
"2026-07-26T14:31:25.7500876+00:00","pf115_standard","standard","lursan_korabelnaya","lursan.com","Корабельная","Эмаль ПФ-115","Светло-зеленая","Светло-зелёный","0.9","small","60",,"60","66.6667","PRB","True","","","11210","https://lursan.com/index.php?route=product/product&path=1107_1124_1126&product_id=11210"
"2026-07-26T14:31:25.7500876+00:00","pf115_standard","standard","lursan_korabelnaya","lursan.com","Корабельная","Эмаль ПФ-115","Светло-серая","Светло-серый","0.9","small","60",,"60","66.6667","PRB","True","","","11215","https://lursan.com/index.php?route=product/product&path=1107_1124_1126&product_id=11215"
"2026-07-26T14:31:25.7500876+00:00","pf115_standard","standard","lursan_korabelnaya","lursan.com","Корабельная","Эмаль ПФ-115","Серая","Серый","0.9","small","60",,"60","66.6667","PRB","True","","","11219","https://lursan.com/index.php?route=product/product&path=1107_1124_1126&product_id=11219"
"2026-07-26T14:31:25.7500876+00:00","pf115_standard","standard","lursan_korabelnaya","lursan.com","Корабельная","Эмаль ПФ-115","Синяя","Синий","0.9","small","60",,"60","66.6667","PRB","True","","","11229","https://lursan.com/index.php?route=product/product&path=1107_1124_1126&product_id=11229"
"2026-07-26T14:31:25.7500876+00:00","pf115_standard","standard","lursan_korabelnaya","lursan.com","Корабельная","Эмаль ПФ-115","Сиреневая","Сиреневый","0.9","small","60",,"60","66.6667","PRB","True","","","11234","https://lursan.com/index.php?route=product/product&path=1107_1124_1126&product_id=11234"
"2026-07-26T14:31:25.7500876+00:00","pf115_standard","standard","lursan_korabelnaya","lursan.com","Корабельная","Эмаль ПФ-115","Слоновая кость","Слоновая кость","0.9","small","60",,"60","66.6667","PRB","True","","","11236","https://lursan.com/index.php?route=product/product&path=1107_1124_1126&product_id=11236"
"2026-07-26T14:31:25.7500876+00:00","pf115_standard","standard","lursan_korabelnaya","lursan.com","Корабельная","Эмаль ПФ-115","Темно-зеленая","Темно-зелёный","0.9","small","60",,"60","66.6667","PRB","True","","","11301","https://lursan.com/index.php?route=product/product&path=1107_1124_1126&product_id=11301"
"2026-07-26T14:31:25.7500876+00:00","pf115_standard","standard","lursan_korabelnaya","lursan.com","Корабельная","Эмаль ПФ-115","Темно-коричневая","Темно-коричневый","0.9","small","60",,"60","66.6667","PRB","True","","","11303","https://lursan.com/index.php?route=product/product&path=1107_1124_1126&product_id=11303"
"2026-07-26T14:31:25.7500876+00:00","pf115_standard","standard","lursan_korabelnaya","lursan.com","Корабельная","Эмаль ПФ-115","Темно-серая","Темно-серый","0.9","small","60",,"60","66.6667","PRB","True","","","11306","https://lursan.com/index.php?route=product/product&path=1107_1124_1126&product_id=11306"
"2026-07-26T14:31:25.7500876+00:00","pf115_standard","standard","lursan_korabelnaya","lursan.com","Корабельная","Эмаль ПФ-115","Фиолетовая","Фиолетовый","0.9","small","60",,"60","66.6667","PRB","True","","","11313","https://lursan.com/index.php?route=product/product&path=1107_1124_1126&product_id=11313"
"2026-07-26T14:31:25.7500876+00:00","pf115_standard","standard","lursan_korabelnaya","lursan.com","Корабельная","Эмаль ПФ-115","Хаки","Хаки","0.9","small","60",,"60","66.6667","PRB","True","","","11315","https://lursan.com/index.php?route=product/product&path=1107_1124_1126&product_id=11315"
"2026-07-26T14:31:25.7500876+00:00","pf115_standard","standard","lursan_korabelnaya","lursan.com","Корабельная","Эмаль ПФ-115","Черная","Черный","0.9","small","60",,"60","66.6667","PRB","True","","","11318","https://lursan.com/index.php?route=product/product&path=1107_1124_1126&product_id=11318"
"2026-07-26T14:31:25.7500876+00:00","pf115_standard","standard","lursan_korabelnaya","lursan.com","Корабельная","Эмаль ПФ-115","Ярко-голубая","Ярко-голубой","0.9","small","60",,"60","66.6667","PRB","True","","","11357","https://lursan.com/index.php?route=product/product&path=1107_1124_1126&product_id=11357"
"2026-07-26T14:31:25.7500876+00:00","pf115_standard","standard","mirremonta_farbex","mirremonta.md","Farbex","Эмаль ПФ-115","Бежевый","Бежевый","2.8","large","158",,"158","56.4286","PRB","True","УТ-00030970","33335","35527","https://mirremonta.md/catalog/35528"
"2026-07-26T14:31:25.7500876+00:00","pf115_standard","standard","mirremonta_farbex","mirremonta.md","Farbex","Эмаль ПФ-115","Белый","Белый","2.8","large","195",,"195","69.6429","PRB","True","УТ-00024704","33341","35529","https://mirremonta.md/catalog/35528"
"2026-07-26T14:31:25.7500876+00:00","pf115_standard","standard","mirremonta_farbex","mirremonta.md","Farbex","Эмаль ПФ-115","Бирюзовый","Бирюзовый","2.8","large","165",,"165","58.9286","PRB","True","УТ-00001205","33347","35531","https://mirremonta.md/catalog/35528"
"2026-07-26T14:31:25.7500876+00:00","pf115_standard","standard","mirremonta_farbex","mirremonta.md","Farbex","Эмаль ПФ-115","Вишневый","Вишневый","2.8","large","172",,"172","61.4286","PRB","True","УТ-00030973","33492","35535","https://mirremonta.md/catalog/35528"
"2026-07-26T14:31:25.7500876+00:00","pf115_standard","standard","mirremonta_farbex","mirremonta.md","Farbex","Эмаль ПФ-115","Голубой","Голубой","2.8","large","168",,"168","60","PRB","True","УТ-00024706","33361","35533","https://mirremonta.md/catalog/35528"
"2026-07-26T14:31:25.7500876+00:00","pf115_standard","standard","mirremonta_farbex","mirremonta.md","Farbex","Эмаль ПФ-115","Желто–коричневый","Желто-коричневый","2.8","large","159",,"159","56.7857","PRB","True","УТ-00027955","33374","35541","https://mirremonta.md/catalog/35528"
"2026-07-26T14:31:25.7500876+00:00","pf115_standard","standard","mirremonta_farbex","mirremonta.md","Farbex","Эмаль ПФ-115","Желтый","Желтый","2.8","large","179",,"179","63.9286","PRB","True","УТ-00027954","33367","35539","https://mirremonta.md/catalog/35528"
"2026-07-26T14:31:25.7500876+00:00","pf115_standard","standard","mirremonta_farbex","mirremonta.md","Farbex","Эмаль ПФ-115","Зелёный","Зелёный","2.8","large","195",,"195","69.6429","PRB","True","УТ-00024708","33380","35543","https://mirremonta.md/catalog/35528"
"2026-07-26T14:31:25.7500876+00:00","pf115_standard","standard","mirremonta_farbex","mirremonta.md","Farbex","Эмаль ПФ-115","Изумрудный","Изумрудный","2.8","large","188",,"188","67.1429","PRB","True","УТ-00000459","33386","35564","https://mirremonta.md/catalog/35528"
"2026-07-26T14:31:25.7500876+00:00","pf115_standard","standard","mirremonta_farbex","mirremonta.md","Farbex","Эмаль ПФ-115","Коричневый","Коричневый","2.8","large","170",,"170","60.7143","PRB","True","УТ-00024710","33392","35545","https://mirremonta.md/catalog/35528"
"2026-07-26T14:31:25.7500876+00:00","pf115_standard","standard","mirremonta_farbex","mirremonta.md","Farbex","Эмаль ПФ-115","Красно–коричневый","Красно-коричневый","2.8","large","155",,"155","55.3571","PRB","False","УТ-00030986","33404","35574","https://mirremonta.md/catalog/35528"
"2026-07-26T14:31:25.7500876+00:00","pf115_standard","standard","mirremonta_farbex","mirremonta.md","Farbex","Эмаль ПФ-115","Красный","Красный","2.8","large","219",,"219","78.2143","PRB","True","УТ-00027957","33398","35572","https://mirremonta.md/catalog/35528"
"2026-07-26T14:31:25.7500876+00:00","pf115_standard","standard","mirremonta_farbex","mirremonta.md","Farbex","Эмаль ПФ-115","Морская волна","Морская волна","2.8","large","159",,"159","56.7857","PRB","True","УТ-00001494","33427","35547","https://mirremonta.md/catalog/35528"
"2026-07-26T14:31:25.7500876+00:00","pf115_standard","standard","mirremonta_farbex","mirremonta.md","Farbex","Эмаль ПФ-115","Оранжевый","Оранжевый","2.8","large","199",,"199","71.0714","PRB","True","УТ-00001405","33433","35549","https://mirremonta.md/catalog/35528"
"2026-07-26T14:31:25.7500876+00:00","pf115_standard","standard","mirremonta_farbex","mirremonta.md","Farbex","Эмаль ПФ-115","Ореховый","Ореховый","2.8","large","170",,"170","60.7143","PRB","False","УТ-00030975","33354","35537","https://mirremonta.md/catalog/35528"
"2026-07-26T14:31:25.7500876+00:00","pf115_standard","standard","mirremonta_farbex","mirremonta.md","Farbex","Эмаль ПФ-115","Салатовый","Салатовый","2.8","large","175",,"175","62.5","PRB","True","УТ-00021548","33445","35551","https://mirremonta.md/catalog/35528"
"2026-07-26T14:31:25.7500876+00:00","pf115_standard","standard","mirremonta_farbex","mirremonta.md","Farbex","Эмаль ПФ-115","Светло–зелёный","Светло-зелёный","2.8","large","175",,"175","62.5","PRB","True","УТ-00024714","33459","35553","https://mirremonta.md/catalog/35528"
"2026-07-26T14:31:25.7500876+00:00","pf115_standard","standard","mirremonta_farbex","mirremonta.md","Farbex","Эмаль ПФ-115","Светло–серый","Светло-серый","2.8","large","168",,"168","60","PRB","True","УТ-00024716","33471","35555","https://mirremonta.md/catalog/35528"
"2026-07-26T14:31:25.7500876+00:00","pf115_standard","standard","mirremonta_farbex","mirremonta.md","Farbex","Эмаль ПФ-115","Серебристый","Серебристый","2.8","large","210",,"210","75","PRB","True","УТ-00001404","33483","35566","https://mirremonta.md/catalog/35528"
"2026-07-26T14:31:25.7500876+00:00","pf115_standard","standard","mirremonta_farbex","mirremonta.md","Farbex","Эмаль ПФ-115","Серый","Серый","2.8","large","167",,"167","59.6429","PRB","True","УТ-00024718","33477","35561","https://mirremonta.md/catalog/35528"
"2026-07-26T14:31:25.7500876+00:00","pf115_standard","standard","mirremonta_farbex","mirremonta.md","Farbex","Эмаль ПФ-115","Синий","Синий","2.8","large","172",,"172","61.4286","PRB","True","УТ-00027956","33486","35557","https://mirremonta.md/catalog/35528"
"2026-07-26T14:31:25.7500876+00:00","pf115_standard","standard","mirremonta_farbex","mirremonta.md","Farbex","Эмаль ПФ-115","Сиреневый","Сиреневый","2.8","large","162",,"162","57.8571","PRB","True","УТ-00030978","33492","35559","https://mirremonta.md/catalog/35528"
"2026-07-26T14:31:25.7500876+00:00","pf115_standard","standard","mirremonta_farbex","mirremonta.md","Farbex","Эмаль ПФ-115","Слоновая кость","Слоновая кость","2.8","large","168",,"168","60","PRB","True","УТ-00021550","33498","35562","https://mirremonta.md/catalog/35528"
"2026-07-26T14:31:25.7500876+00:00","pf115_standard","standard","mirremonta_farbex","mirremonta.md","Farbex","Эмаль ПФ-115","Темно–коричневый","Темно-коричневый","2.8","large","169",,"169","60.3571","PRB","False","УТ-00030988","33504","35568","https://mirremonta.md/catalog/35528"
"2026-07-26T14:31:25.7500876+00:00","pf115_standard","standard","mirremonta_farbex","mirremonta.md","Farbex","Эмаль ПФ-115","Темно–серый","Темно-серый","2.8","large","178",,"178","63.5714","PRB","True","УТ-00024720","33509","35570","https://mirremonta.md/catalog/35528"
"2026-07-26T14:31:25.7500876+00:00","pf115_standard","standard","mirremonta_farbex","mirremonta.md","Farbex","Эмаль ПФ-115","Черный","Черный","2.8","large","166",,"166","59.2857","PRB","True","УТ-00024722","33533","35576","https://mirremonta.md/catalog/35528"
"2026-07-26T14:31:25.7500876+00:00","pf115_standard","standard","mirremonta_farbex","mirremonta.md","Farbex","Эмаль ПФ-115","Ярко–голубой","Ярко-голубой","2.8","large","175",,"175","62.5","PRB","True","УТ-00031369","","36336","https://mirremonta.md/catalog/35528"
"2026-07-26T14:31:25.7500876+00:00","pf115_standard","standard","mirremonta_farbex","mirremonta.md","Farbex","Эмаль ПФ-115","Бежевый","Бежевый","0.9","small","59",,"59","65.5556","PRB","True","УТ-00030969","33334","35526","https://mirremonta.md/catalog/35528"
"2026-07-26T14:31:25.7500876+00:00","pf115_standard","standard","mirremonta_farbex","mirremonta.md","Farbex","Эмаль ПФ-115","Белый","Белый","0.9","small","70",,"70","77.7778","PRB","False","УТ-00024703","33340","35528","https://mirremonta.md/catalog/35528"
"2026-07-26T14:31:25.7500876+00:00","pf115_standard","standard","mirremonta_farbex","mirremonta.md","Farbex","Эмаль ПФ-115","Бирюзовый","Бирюзовый","0.9","small","58",,"58","64.4444","PRB","True","УТ-00000811","33346","35530","https://mirremonta.md/catalog/35528"
"2026-07-26T14:31:25.7500876+00:00","pf115_standard","standard","mirremonta_farbex","mirremonta.md","Farbex","Эмаль ПФ-115","Вишневый","Вишневый","0.9","small","62",,"62","68.8889","PRB","True","УТ-00030972","33491","35534","https://mirremonta.md/catalog/35528"
"2026-07-26T14:31:25.7500876+00:00","pf115_standard","standard","mirremonta_farbex","mirremonta.md","Farbex","Эмаль ПФ-115","Голубой","Голубой","0.9","small","58",,"58","64.4444","PRB","True","УТ-00024705","33360","35532","https://mirremonta.md/catalog/35528"
"2026-07-26T14:31:25.7500876+00:00","pf115_standard","standard","mirremonta_farbex","mirremonta.md","Farbex","Эмаль ПФ-115","Желто–коричневый","Желто-коричневый","0.9","small","57",,"57","63.3333","PRB","True","УТ-00027951","33373","35540","https://mirremonta.md/catalog/35528"
"2026-07-26T14:31:25.7500876+00:00","pf115_standard","standard","mirremonta_farbex","mirremonta.md","Farbex","Эмаль ПФ-115","Желтый","Желтый","0.9","small","64",,"64","71.1111","PRB","True","УТ-00027950","33366","35538","https://mirremonta.md/catalog/35528"
"2026-07-26T14:31:25.7500876+00:00","pf115_standard","standard","mirremonta_farbex","mirremonta.md","Farbex","Эмаль ПФ-115","Зелёный","Зелёный","0.9","small","69",,"69","76.6667","PRB","True","УТ-00024707","33379","35542","https://mirremonta.md/catalog/35528"
"2026-07-26T14:31:25.7500876+00:00","pf115_standard","standard","mirremonta_farbex","mirremonta.md","Farbex","Эмаль ПФ-115","Изумрудный","Изумрудный","0.9","small","68",,"68","75.5556","PRB","True","УТ-00000460","33385","35563","https://mirremonta.md/catalog/35528"
"2026-07-26T14:31:25.7500876+00:00","pf115_standard","standard","mirremonta_farbex","mirremonta.md","Farbex","Эмаль ПФ-115","Коричневый","Коричневый","0.9","small","62",,"62","68.8889","PRB","True","УТ-00024709","33391","35544","https://mirremonta.md/catalog/35528"
"2026-07-26T14:31:25.7500876+00:00","pf115_standard","standard","mirremonta_farbex","mirremonta.md","Farbex","Эмаль ПФ-115","Красно–коричневый","Красно-коричневый","0.9","small","57",,"57","63.3333","PRB","True","УТ-00030985","33403","35573","https://mirremonta.md/catalog/35528"
"2026-07-26T14:31:25.7500876+00:00","pf115_standard","standard","mirremonta_farbex","mirremonta.md","Farbex","Эмаль ПФ-115","Красный","Красный","0.9","small","78",,"78","86.6667","PRB","True","УТ-00027953","33397","35571","https://mirremonta.md/catalog/35528"
"2026-07-26T14:31:25.7500876+00:00","pf115_standard","standard","mirremonta_farbex","mirremonta.md","Farbex","Эмаль ПФ-115","Морская волна","Морская волна","0.9","small","58",,"58","64.4444","PRB","True","УТ-00006352","33426","35546","https://mirremonta.md/catalog/35528"
"2026-07-26T14:31:25.7500876+00:00","pf115_standard","standard","mirremonta_farbex","mirremonta.md","Farbex","Эмаль ПФ-115","Оранжевый","Оранжевый","0.9","small","71",,"71","78.8889","PRB","True","УТ-00000812","33432","35548","https://mirremonta.md/catalog/35528"
"2026-07-26T14:31:25.7500876+00:00","pf115_standard","standard","mirremonta_farbex","mirremonta.md","Farbex","Эмаль ПФ-115","Ореховый","Ореховый","0.9","small","63",,"63","70","PRB","True","УТ-00030974","33353","35536","https://mirremonta.md/catalog/35528"
"2026-07-26T14:31:25.7500876+00:00","pf115_standard","standard","mirremonta_farbex","mirremonta.md","Farbex","Эмаль ПФ-115","Салатовый","Салатовый","0.9","small","63",,"63","70","PRB","True","УТ-00021547","33444","35550","https://mirremonta.md/catalog/35528"
"2026-07-26T14:31:25.7500876+00:00","pf115_standard","standard","mirremonta_farbex","mirremonta.md","Farbex","Эмаль ПФ-115","Светло–зелёный","Светло-зелёный","0.9","small","59",,"59","65.5556","PRB","True","УТ-00024713","33458","35552","https://mirremonta.md/catalog/35528"
"2026-07-26T14:31:25.7500876+00:00","pf115_standard","standard","mirremonta_farbex","mirremonta.md","Farbex","Эмаль ПФ-115","Светло–серый","Светло-серый","0.9","small","58",,"58","64.4444","PRB","True","УТ-00024715","33470","35554","https://mirremonta.md/catalog/35528"
"2026-07-26T14:31:25.7500876+00:00","pf115_standard","standard","mirremonta_farbex","mirremonta.md","Farbex","Эмаль ПФ-115","Серебристый","Серебристый","0.9","small","84",,"84","93.3333","PRB","True","УТ-00001206","33499","35565","https://mirremonta.md/catalog/35528"
"2026-07-26T14:31:25.7500876+00:00","pf115_standard","standard","mirremonta_farbex","mirremonta.md","Farbex","Эмаль ПФ-115","Серый","Серый","0.9","small","60",,"60","66.6667","PRB","True","УТ-00024717","33476","35560","https://mirremonta.md/catalog/35528"
"2026-07-26T14:31:25.7500876+00:00","pf115_standard","standard","mirremonta_farbex","mirremonta.md","Farbex","Эмаль ПФ-115","Синий","Синий","0.9","small","62",,"62","68.8889","PRB","True","УТ-00027952","33485","35556","https://mirremonta.md/catalog/35528"
"2026-07-26T14:31:25.7500876+00:00","pf115_standard","standard","mirremonta_farbex","mirremonta.md","Farbex","Эмаль ПФ-115","Сиреневый","Сиреневый","0.9","small","59",,"59","65.5556","PRB","True","УТ-00030977","33491","35558","https://mirremonta.md/catalog/35528"
"2026-07-26T14:31:25.7500876+00:00","pf115_standard","standard","mirremonta_farbex","mirremonta.md","Farbex","Эмаль ПФ-115","Темно–коричневый","Темно-коричневый","0.9","small","60",,"60","66.6667","PRB","True","УТ-00030987","33503","35567","https://mirremonta.md/catalog/35528"
"2026-07-26T14:31:25.7500876+00:00","pf115_standard","standard","mirremonta_farbex","mirremonta.md","Farbex","Эмаль ПФ-115","Темно–серый","Темно-серый","0.9","small","63",,"63","70","PRB","True","УТ-00024719","33508","35569","https://mirremonta.md/catalog/35528"
"2026-07-26T14:31:25.7500876+00:00","pf115_standard","standard","mirremonta_farbex","mirremonta.md","Farbex","Эмаль ПФ-115","Черный","Черный","0.9","small","62",,"62","68.8889","PRB","True","УТ-00024721","33532","35575","https://mirremonta.md/catalog/35528"
"2026-07-26T14:31:25.7500876+00:00","pf115_standard","standard","mirremonta_farbex","mirremonta.md","Farbex","Эмаль ПФ-115","Ярко–голубой","Ярко-голубой","0.9","small","63",,"63","70","PRB","True","УТ-00031368","","36335","https://mirremonta.md/catalog/35528"
